latitude,longitude,floorSize,url,address,price
40.847366,-73.79026,"1,036",https://www.zillow.com/homedetails/35-Bay-St-Bronx-NY-10464/29850601_zpid/,"35 Bay St, Bronx, NY 10464","$669,000"
40.908944,-73.891332,"1,945",https://www.zillow.com/homedetails/92-Hamilton-Ave-5DE-Yonkers-NY-10705/2077307206_zpid/,"92 Hamilton Ave #5DE, Yonkers, NY 10705","$288,000"
40.65245,-73.942809,"1,824",https://www.zillow.com/homedetails/193-E-37th-St-B-Brooklyn-NY-11203/2076939487_zpid/,"193 E 37th St #B, Brooklyn, NY 11203","$499,000"
40.617381,-74.01581,"3,420",https://www.zillow.com/homedetails/1145-84th-St-Brooklyn-NY-11228/30710040_zpid/,"1145 84th St, Brooklyn, NY 11228","$4,385,000"
40.719017,-73.984898,"14,425",https://www.zillow.com/homedetails/72-Clinton-St-New-York-NY-10002/31495712_zpid/,"72 Clinton St, New York, NY 10002","$450,000"
40.83159,-73.893288,"1,200",https://www.zillow.com/homedetails/1357-Intervale-Ave-Bronx-NY-10459/29783310_zpid/,"1357 Intervale Ave, Bronx, NY 10459","$479,000"
40.619213,-74.094734,850,https://www.zillow.com/homedetails/61-Seth-Ct-B-Staten-Island-NY-10301/2145342318_zpid/,"61 Seth Ct #B, Staten Island, NY 10301","$290,000"
40.847019,-73.884852,980,https://www.zillow.com/homedetails/2120-Mapes-Ave-APT-F-Bronx-NY-10460/123272987_zpid/,"2120 Mapes Ave APT F, Bronx, NY 10460","$159,500"
40.677499,-74.011344,904,https://www.zillow.com/homedetails/68-Sullivan-St-Brooklyn-NY-11231/30573374_zpid/,"68 Sullivan St, Brooklyn, NY 11231","$1,595,000"
40.908944,-73.891332,,https://www.zillow.com/homedetails/92-Hamilton-Ave-5ED-Yonkers-NY-10705/2079130760_zpid/,"92 Hamilton Ave #5ED, Yonkers, NY 10705","$288,000"
40.646705,-73.947868,"2,184",https://www.zillow.com/homedetails/161-E-31st-St-Brooklyn-NY-11226/30660455_zpid/,"161 E 31st St, Brooklyn, NY 11226","$680,000"
40.632206,-73.934243,"1,584",https://www.zillow.com/homedetails/1658-Troy-Ave-Brooklyn-NY-11234/2078588796_zpid/,"1658 Troy Ave, Brooklyn, NY 11234","$644,000"
40.671924,-73.775387,"1,280",https://www.zillow.com/homedetails/13449-161st-St-Jamaica-NY-11434/32188386_zpid/,"13449 161st St, Jamaica, NY 11434","$599,900"
40.703819,-73.765839,"1,287",https://www.zillow.com/homedetails/19021-109th-Rd-Jamaica-NY-11412/32155725_zpid/,"19021 109th Rd, Jamaica, NY 11412","$489,900"
40.511164,-74.247558,"3,187",https://www.zillow.com/homedetails/25-Bocce-Ct-Staten-Island-NY-10307/62711378_zpid/,"25 Bocce Ct, Staten Island, NY 10307","$968,888"
40.537798,-74.190238,"2,200",https://www.zillow.com/homedetails/143-Darlington-Ave-Staten-Island-NY-10312/32365530_zpid/,"143 Darlington Ave, Staten Island, NY 10312","$698,000"
40.583488,-74.152125,"1,376",https://www.zillow.com/homedetails/203-Lewiston-St-Staten-Island-NY-10314/32313393_zpid/,"203 Lewiston St, Staten Island, NY 10314","$550,000"
40.745401,-73.874438,"1,962",https://www.zillow.com/homedetails/4232-Elbertson-St-Flushing-NY-11373/31966559_zpid/,"4232 Elbertson St, Flushing, NY 11373","$980,000"
40.779443,-73.976183,"2,679",https://www.zillow.com/homedetails/44-W-76th-St-New-York-NY-10023/2080300747_zpid/,"44 W 76th St, New York, NY 10023","$4,950,000"
40.69189,-73.759657,"1,616",https://www.zillow.com/homedetails/19033-117th-Rd-Jamaica-NY-11412/32193284_zpid/,"19033 117th Rd, Jamaica, NY 11412","$350,000"
40.821498,-73.9402,900,https://www.zillow.com/homedetails/207-W-144th-St-APT-3C-New-York-NY-10030/2089623128_zpid/,"207 W 144th St APT 3C, New York, NY 10030","$375,000"
40.727699,-73.852897,"1,400",https://www.zillow.com/homedetails/99-72-66th-Rd-APT-1G-Rego-Park-NY-11374/2078151217_zpid/,"99-72 66th Rd APT 1G, Rego Park, NY 11374","$669,000"
40.770393,-73.804361,"2,150",https://www.zillow.com/homedetails/2925-160th-St-Flushing-NY-11358/2077695555_zpid/,"2925 160th St, Flushing, NY 11358","$1,250,000"
40.602331,-74.098504,"2,649",https://www.zillow.com/homedetails/105-Medford-Rd-Staten-Island-NY-10304/32293722_zpid/,"105 Medford Rd, Staten Island, NY 10304","$1,398,366"
40.747738,-73.981062,"1,000",https://www.zillow.com/homedetails/16-Park-Ave-New-York-NY-10016/31505172_zpid/,"16 Park Ave, New York, NY 10016","$750,000"
40.780747,-73.979291,"1,700",https://www.zillow.com/homedetails/170-W-76th-St-PENTHOUSE-3-New-York-NY-10023/2077111216_zpid/,"170 W 76th St PENTHOUSE 3, New York, NY 10023","$2,850,000"
40.793829,-73.799031,"1,200",https://www.zillow.com/homedetails/16210-Powells-Cove-Blvd-APT-3C-Flushing-NY-11357/245464188_zpid/,"16210 Powells Cove Blvd APT 3C, Flushing, NY 11357","$399,985"
40.858711,-73.836442,"3,200",https://www.zillow.com/homedetails/2241-Gunther-Ave-Bronx-NY-10469/29820212_zpid/,"2241 Gunther Ave, Bronx, NY 10469","$875,000"
40.755653,-73.727028,,https://www.zillow.com/homedetails/249-34-63rd-Ave-1279-Little-Neck-NY-11362/219878165_zpid/,"249-34 63rd Ave #1279, Little Neck, NY 11362","$250,000"
40.660603,-73.742422,"1,616",https://www.zillow.com/homedetails/24002-145th-Ave-Jamaica-NY-11422/32209825_zpid/,"24002 145th Ave, Jamaica, NY 11422","$660,000"
40.786689,-73.972264,"1,250",https://www.zillow.com/homedetails/107-W-86th-St-4A-New-York-NY-10024/72522811_zpid/,"107 W 86th St #4A, New York, NY 10024","$1,200,000"
40.747389,-73.756722,,https://www.zillow.com/homedetails/219-16-75th-Ave-FLOOR-2-Oakland-Gardens-NY-11364/2076897964_zpid/,"219-16 75th Ave FLOOR 2, Oakland Gardens, NY 11364","$359,000"
40.802101,-73.948799,,https://www.zillow.com/homedetails/130-Lenox-Ave-APT-206-New-York-NY-10026/2114086343_zpid/,"130 Lenox Ave APT 206, New York, NY 10026","$597,500"
40.684065,-73.925701,"3,450",https://www.zillow.com/homedetails/637-Macon-St-Brooklyn-NY-11233/30605302_zpid/,"637 Macon St, Brooklyn, NY 11233","$1,999,950"
40.603443,-73.942313,"1,300",https://www.zillow.com/homedetails/3395-Nostrand-Ave-APT-5B-Brooklyn-NY-11229/245004075_zpid/,"3395 Nostrand Ave APT 5B, Brooklyn, NY 11229","$460,000"
40.602763,-74.093883,"2,500",https://www.zillow.com/homedetails/22-Meadow-Ave-Staten-Island-NY-10304/32293815_zpid/,"22 Meadow Ave, Staten Island, NY 10304","$879,000"
40.677907,-74.014827,"1,500",https://www.zillow.com/homedetails/200-Conover-St-Brooklyn-NY-11231/30573383_zpid/,"200 Conover St, Brooklyn, NY 11231","$1,695,000"
40.568729,-74.122065,"2,080",https://www.zillow.com/homedetails/3-Reno-Ave-Staten-Island-NY-10306/32337082_zpid/,"3 Reno Ave, Staten Island, NY 10306","$600,000"
40.675064,-73.884446,"1,980",https://www.zillow.com/homedetails/699-Glenmore-Ave-Brooklyn-NY-11208/30638732_zpid/,"699 Glenmore Ave, Brooklyn, NY 11208","$889,000"
40.647818,-73.97781,"2,300",https://www.zillow.com/homedetails/309-Caton-Ave-Brooklyn-NY-11218/30672604_zpid/,"309 Caton Ave, Brooklyn, NY 11218","$1,799,000"
40.647818,-73.97781,"2,300",https://www.zillow.com/homedetails/309-Caton-Ave-Brooklyn-NY-11218/30672604_zpid/,"309 Caton Ave, Brooklyn, NY 11218","$1,799,000"
40.754711,-73.723655,"2,604",https://www.zillow.com/homedetails/6614-254th-St-Flushing-NY-11362/32097781_zpid/,"6614 254th St, Flushing, NY 11362","$879,000"
40.723052,-73.892342,"2,012",https://www.zillow.com/homedetails/5930-69th-Pl-Flushing-NY-11378/31990333_zpid/,"5930 69th Pl, Flushing, NY 11378","$925,000"
40.594558,-74.087378,"1,788",https://www.zillow.com/homedetails/251-Reid-Ave-Staten-Island-NY-10305/32326595_zpid/,"251 Reid Ave, Staten Island, NY 10305","$605,000"
40.542849,-74.167206,"1,578",https://www.zillow.com/homedetails/411-Mosely-Ave-Staten-Island-NY-10312/83053512_zpid/,"411 Mosely Ave, Staten Island, NY 10312","$631,000"
40.546311,-74.192983,"2,190",https://www.zillow.com/homedetails/821-Woodrow-Rd-Staten-Island-NY-10312/299998137_zpid/,"821 Woodrow Rd, Staten Island, NY 10312","$930,000"
40.644327,-73.938619,"1,508",https://www.zillow.com/homedetails/1200-Albany-Ave-Brooklyn-NY-11203/30661035_zpid/,"1200 Albany Ave, Brooklyn, NY 11203","$610,000"
40.777006,-73.80104,"1,898",https://www.zillow.com/homedetails/22-16-163rd-St-Whitestone-NY-11357/32035132_zpid/,"22-16 163rd St, Whitestone, NY 11357","$1,125,000"
40.767784,-73.766331,"2,100",https://www.zillow.com/homedetails/217-07-38th-Ave-Bayside-NY-11361/2076880907_zpid/,"217-07 38th Ave, Bayside, NY 11361","$1,499,000"
40.781178,-73.775156,"1,250",https://www.zillow.com/homedetails/23-35-Bell-Blvd-APT-6H-Bayside-NY-11360/2077657489_zpid/,"23-35 Bell Blvd APT 6H, Bayside, NY 11360","$525,000"
40.673834,-73.808396,"1,372",https://www.zillow.com/homedetails/116-17-130th-St-South-Ozone-Park-NY-11420/2076852346_zpid/,"116-17 130th St, South Ozone Park, NY 11420","$674,999"
40.729737,-73.740399,800,https://www.zillow.com/homedetails/221-25-Braddock-Ave-33-Queens-Village-NY-11427/79731181_zpid/,"221-25 Braddock Ave #33, Queens Village, NY 11427","$265,000"
40.571111,-74.122896,"2,564",https://www.zillow.com/homedetails/18-Bishop-St-Staten-Island-NY-10306/32338518_zpid/,"18 Bishop St, Staten Island, NY 10306","$844,000"
40.719873,-73.889714,"2,230",https://www.zillow.com/homedetails/6942-Eliot-Ave-Flushing-NY-11379/31993371_zpid/,"6942 Eliot Ave, Flushing, NY 11379","$949,000"
40.618705,-74.160415,"1,700",https://www.zillow.com/homedetails/79-Comstock-Ave-Staten-Island-NY-10314/32305472_zpid/,"79 Comstock Ave, Staten Island, NY 10314","$525,000"
40.749632,-73.970012,350,https://www.zillow.com/homedetails/45-Tudor-City-Pl-APT-1508-New-York-NY-10017/244753770_zpid/,"45 Tudor City Pl APT 1508, New York, NY 10017","$310,000"
40.731308,-73.748519,571,https://www.zillow.com/homedetails/227-23-88th-Ave-44-9-Bellerose-Manor-NY-11427/2077217993_zpid/,"227-23 88th Ave #44-9, Bellerose Manor, NY 11427","$245,000"
40.669147,-73.90645,"3,200",https://www.zillow.com/homedetails/103-Belmont-Ave-Brooklyn-NY-11212/2077042750_zpid/,"103 Belmont Ave, Brooklyn, NY 11212","$848,900"
40.724234,-73.767865,"3,500",https://www.zillow.com/homedetails/19814-Epsom-Crse-Jamaica-NY-11423/32146489_zpid/,"19814 Epsom Crse, Jamaica, NY 11423","$1,488,000"
40.76288,-73.789656,,https://www.zillow.com/homedetails/192-07-37th-Ave-199-Flushing-NY-11358/79983725_zpid/,"192-07 37th Ave #199, Flushing, NY 11358","$225,000"
40.681314,-73.942727,"2,750",https://www.zillow.com/homedetails/87-Macdonough-St-Brooklyn-NY-11216/2076976011_zpid/,"87 Macdonough St, Brooklyn, NY 11216","$9,750,000"
40.600163,-74.074064,"3,200",https://www.zillow.com/homedetails/619-W-Fingerboard-Rd-Staten-Island-NY-10305/32322175_zpid/,"619 W Fingerboard Rd, Staten Island, NY 10305","$989,999"
40.848327,-73.896647,800,https://www.zillow.com/homedetails/495-E-178th-St-APT-2A-Bronx-NY-10457/244455428_zpid/,"495 E 178th St APT 2A, Bronx, NY 10457","$95,000"
40.738216,-73.87689,800,https://www.zillow.com/homedetails/8615-Broadway-APT-12K-Flushing-NY-11373/245457936_zpid/,"8615 Broadway APT 12K, Flushing, NY 11373","$449,000"
40.783153,-73.813651,"1,239",https://www.zillow.com/homedetails/1733-150th-St-Flushing-NY-11357/32031184_zpid/,"1733 150th St, Flushing, NY 11357","$899,888"
40.624606,-74.095574,"1,100",https://www.zillow.com/homedetails/50-Fort-Pl-APT-B5H-Staten-Island-NY-10301/244597412_zpid/,"50 Fort Pl APT B5H, Staten Island, NY 10301","$350,000"
40.563493,-74.099675,704,https://www.zillow.com/homedetails/44-Wavecrest-St-Staten-Island-NY-10306/32335885_zpid/,"44 Wavecrest St, Staten Island, NY 10306","$259,000"
40.698263,-73.753707,"1,300",https://www.zillow.com/homedetails/115-53-200th-St-Saint-Albans-NY-11412/2077017800_zpid/,"115-53 200th St, Saint Albans, NY 11412","$599,000"
40.888393,-73.856437,"1,374",https://www.zillow.com/homedetails/4028-Barnes-Ave-Bronx-NY-10466/29832509_zpid/,"4028 Barnes Ave, Bronx, NY 10466","$625,000"
40.578269,-74.158107,"1,008",https://www.zillow.com/homedetails/49-Stone-Ln-Staten-Island-NY-10314/32316227_zpid/,"49 Stone Ln, Staten Island, NY 10314","$355,000"
40.722655,-73.985797,"3,000",https://www.zillow.com/homedetails/12-Avenue-A-New-York-NY-10009/2122941440_zpid/,"12 Avenue A, New York, NY 10009","$6,200,000"
40.899256,-73.869008,"3,750",https://www.zillow.com/homedetails/250-E-238th-St-Bronx-NY-10470/29789401_zpid/,"250 E 238th St, Bronx, NY 10470","$1,300,000"
40.604032,-74.170855,"1,889",https://www.zillow.com/homedetails/70B-Dinsmore-St-B-Staten-Island-NY-10314/32310298_zpid/,"70B Dinsmore St #B, Staten Island, NY 10314","$485,000"
40.681321,-73.806863,896,https://www.zillow.com/homedetails/11442-135th-St-Jamaica-NY-11420/32173620_zpid/,"11442 135th St, Jamaica, NY 11420","$590,000"
40.774829,-73.77035,"3,560",https://www.zillow.com/homedetails/2959-215th-Pl-Flushing-NY-11360/32059400_zpid/,"2959 215th Pl, Flushing, NY 11360","$1,950,000"
40.727157,-73.852414,,https://www.zillow.com/homedetails/100-25-Queens-Blvd-2BB-Forest-Hills-NY-11375/2077435149_zpid/,"100-25 Queens Blvd #2BB, Forest Hills, NY 11375","$749,000"
40.557384,-74.137674,"1,750",https://www.zillow.com/homedetails/23-Junction-Ct-Staten-Island-NY-10306/64721457_zpid/,"23 Junction Ct, Staten Island, NY 10306","$629,000"
40.607546,-73.912034,"2,576",https://www.zillow.com/homedetails/2682-E-64th-St-Brooklyn-NY-11234/30788799_zpid/,"2682 E 64th St, Brooklyn, NY 11234","$1,450,000"
40.580287,-74.087648,"1,600",https://www.zillow.com/homedetails/510-Naughton-Ave-Staten-Island-NY-10305/32332227_zpid/,"510 Naughton Ave, Staten Island, NY 10305","$508,000"
40.759538,-73.905886,700,https://www.zillow.com/homedetails/51-42-30th-Ave-H10-Woodside-NY-11377/2076901911_zpid/,"51-42 30th Ave #H10, Woodside, NY 11377","$339,900"
40.723269,-73.879713,"1,600",https://www.zillow.com/homedetails/6149-78th-St-Flushing-NY-11379/31994046_zpid/,"6149 78th St, Flushing, NY 11379","$799,000"
40.706436,-74.010566,"1,809",https://www.zillow.com/homedetails/15-Broad-St-APT-2112-New-York-NY-10005/80004278_zpid/,"15 Broad St APT 2112, New York, NY 10005","$5,000,000"
40.727524,-73.859069,,https://www.zillow.com/homedetails/96-11-65th-Rd-APT-603-Rego-Park-NY-11374/114313103_zpid/,"96-11 65th Rd APT 603, Rego Park, NY 11374","$349,000"
40.600748,-74.123061,"1,988",https://www.zillow.com/homedetails/455-Gower-St-Staten-Island-NY-10314/32292180_zpid/,"455 Gower St, Staten Island, NY 10314","$965,000"
40.598355,-73.946019,"2,381",https://www.zillow.com/homedetails/4247-Bedford-Ave-Brooklyn-NY-11229/30744905_zpid/,"4247 Bedford Ave, Brooklyn, NY 11229","$1,099,000"
40.764035,-73.730419,"2,080",https://www.zillow.com/homedetails/5342-Browvale-Ln-Flushing-NY-11362/32095687_zpid/,"5342 Browvale Ln, Flushing, NY 11362","$1,450,000"
40.739409,-73.81195,"1,352",https://www.zillow.com/homedetails/5941-156th-St-Flushing-NY-11355/32070979_zpid/,"5941 156th St, Flushing, NY 11355","$899,000"
40.739541,-73.761394,750,https://www.zillow.com/homedetails/212-04-73rd-Ave-APT-2M-Oakland-Gardens-NY-11364/79744967_zpid/,"212-04 73rd Ave APT 2M, Oakland Gardens, NY 11364","$235,000"
40.628717,-73.944614,"2,000",https://www.zillow.com/homedetails/1796-New-York-Ave-Brooklyn-NY-11210/30751851_zpid/,"1796 New York Ave, Brooklyn, NY 11210","$959,000"
40.831179,-73.871756,,https://www.zillow.com/homedetails/1256-Fteley-Ave-Bronx-NY-10472/2077285871_zpid/,"1256 Fteley Ave, Bronx, NY 10472","$1,100,000"
40.528194,-74.189843,"2,531",https://www.zillow.com/homedetails/145-Prall-Ave-Staten-Island-NY-10312/32367342_zpid/,"145 Prall Ave, Staten Island, NY 10312","$899,900"
40.794968,-73.9732,"1,777",https://www.zillow.com/homedetails/732-W-End-Ave-APT-3-New-York-NY-10025/122272911_zpid/,"732 W End Ave APT 3, New York, NY 10025","$2,500,000"
40.600429,-74.122671,"2,050",https://www.zillow.com/homedetails/468-Fanning-St-Staten-Island-NY-10314/32292210_zpid/,"468 Fanning St, Staten Island, NY 10314","$699,000"
40.908983,-73.901338,"1,672",https://www.zillow.com/homedetails/6032-Liebig-Ave-Bronx-NY-10471/29853745_zpid/,"6032 Liebig Ave, Bronx, NY 10471","$875,000"
40.596992,-74.100029,"2,355",https://www.zillow.com/homedetails/82-Greenport-St-Staten-Island-NY-10304/32294442_zpid/,"82 Greenport St, Staten Island, NY 10304","$1,400,000"
40.602476,-73.941934,"1,701",https://www.zillow.com/homedetails/2934-Avenue-T-Brooklyn-NY-11229/30743855_zpid/,"2934 Avenue T, Brooklyn, NY 11229","$788,000"
40.889138,-73.902915,"150,000",https://www.zillow.com/homedetails/3875-Waldo-Ave-APT-5S-Bronx-NY-10463/244445161_zpid/,"3875 Waldo Ave APT 5S, Bronx, NY 10463","$118,900"
40.57796,-73.84863,900,https://www.zillow.com/homedetails/128-11-Newport-Avenue-2C-Belle-Harbor-NY-11694/2101647250_zpid/,"128-11 Newport Avenue #2C, Belle Harbor, NY 11694","$287,000"
40.685804,-73.880432,"1,370",https://www.zillow.com/homedetails/18-Norwood-Ave-Brooklyn-NY-11208/30636789_zpid/,"18 Norwood Ave, Brooklyn, NY 11208","$625,000"
40.659336,-73.843743,"1,200",https://www.zillow.com/homedetails/84-29-153rd-Ave-4-H-Howard-Beach-NY-11414/2078367033_zpid/,"84-29 153rd Ave #4-H, Howard Beach, NY 11414","$386,000"
40.632937,-73.930873,810,https://www.zillow.com/homedetails/4711-Avenue-H-Brooklyn-NY-11234/30758061_zpid/,"4711 Avenue H, Brooklyn, NY 11234","$540,000"
40.604037,-73.7563,"1,800",https://www.zillow.com/homedetails/2206-Regina-Ave-Far-Rockaway-NY-11691/68315410_zpid/,"2206 Regina Ave, Far Rockaway, NY 11691","$550,000"
40.870168,-73.844672,"3,450",https://www.zillow.com/homedetails/3123-Seymour-Ave-Bronx-NY-10469/2084954840_zpid/,"3123 Seymour Ave, Bronx, NY 10469","$799,000"
40.61936,-73.943794,"2,596",https://www.zillow.com/homedetails/1314-E-32nd-St-Brooklyn-NY-11210/30755079_zpid/,"1314 E 32nd St, Brooklyn, NY 11210","$1,050,000"
40.880847,-73.912806,"1,560",https://www.zillow.com/homedetails/2764-Netherland-Ave-Bronx-NY-10463/29851628_zpid/,"2764 Netherland Ave, Bronx, NY 10463","$915,000"
40.689344,-73.951057,637,https://www.zillow.com/homedetails/277-Nostrand-Ave-1B-Brooklyn-NY-11216/79716248_zpid/,"277 Nostrand Ave #1B, Brooklyn, NY 11216","$625,000"
40.540557,-74.182538,"4,200",https://www.zillow.com/homedetails/331-Detroit-Ave-Staten-Island-NY-10312/32365177_zpid/,"331 Detroit Ave, Staten Island, NY 10312","$1,279,000"
40.833151,-73.894334,"1,400",https://www.zillow.com/homedetails/830-E-170th-St-Bronx-NY-10459/63264082_zpid/,"830 E 170th St, Bronx, NY 10459","$518,000"
40.718456,-73.881243,"1,530",https://www.zillow.com/homedetails/71-01-Penelope-Ave-Middle-Village-NY-11379/2078484319_zpid/,"71-01 Penelope Ave, Middle Village, NY 11379","$780,000"
40.706531,-74.01086,"1,576",https://www.zillow.com/homedetails/15-Broad-St-APT-1400-New-York-NY-10005/80004692_zpid/,"15 Broad St APT 1400, New York, NY 10005","$1,625,000"
40.849873,-73.862226,"2,786",https://www.zillow.com/homedetails/1935-Muliner-Ave-Bronx-NY-10462/29817429_zpid/,"1935 Muliner Ave, Bronx, NY 10462","$829,999"
40.584377,-74.101247,474,https://www.zillow.com/homedetails/175-Zoe-St-APT-4P-Staten-Island-NY-10305/32328843_zpid/,"175 Zoe St APT 4P, Staten Island, NY 10305","$199,500"
40.576974,-73.840229,940,https://www.zillow.com/homedetails/144-Beach-121-St-1R-Rockaway-Park-NY-11694/2077150008_zpid/,"144 Beach 121 St #1R, Rockaway Park, NY 11694","$389,600"
40.551948,-74.213693,"1,360",https://www.zillow.com/homedetails/17-Rutherford-Ct-Staten-Island-NY-10309/32372175_zpid/,"17 Rutherford Ct, Staten Island, NY 10309","$549,900"
40.701092,-73.992492,697,https://www.zillow.com/homedetails/55-Poplar-St-APT-4D-Brooklyn-NY-11201/30567143_zpid/,"55 Poplar St APT 4D, Brooklyn, NY 11201","$1,135,000"
40.73261,-73.781432,"2,475",https://www.zillow.com/homedetails/7331-189th-St-Fresh-Meadows-NY-11366/32078933_zpid/,"7331 189th St, Fresh Meadows, NY 11366","$1,750,000"
40.81747,-73.814644,"2,214",https://www.zillow.com/homedetails/237-Hollywood-Ave-1-Bronx-NY-10465/2076850683_zpid/,"237 Hollywood Ave #1, Bronx, NY 10465","$698,000"
40.767004,-73.934054,680,https://www.zillow.com/homedetails/1215-Broadway-APT-506-Astoria-NY-11106/2094728476_zpid/,"1215 Broadway APT 506, Astoria, NY 11106","$612,000"
40.748043,-73.818858,"2,708",https://www.zillow.com/homedetails/4811-Colden-St-Flushing-NY-11355/32041437_zpid/,"4811 Colden St, Flushing, NY 11355","$1,527,000"
40.648981,-73.944259,"1,000",https://www.zillow.com/homedetails/3500-Snyder-Ave-APT-7M-Brooklyn-NY-11203/245032744_zpid/,"3500 Snyder Ave APT 7M, Brooklyn, NY 11203","$339,000"
40.648981,-73.944259,"1,000",https://www.zillow.com/homedetails/3500-Snyder-Ave-APT-7M-Brooklyn-NY-11203/245032744_zpid/,"3500 Snyder Ave APT 7M, Brooklyn, NY 11203","$339,000"
40.725766,-73.945673,"2,950",https://www.zillow.com/homedetails/687-Humboldt-St-Brooklyn-NY-11222/30621244_zpid/,"687 Humboldt St, Brooklyn, NY 11222","$3,150,000"
40.608775,-73.931914,"1,008",https://www.zillow.com/homedetails/2018-E-35th-St-Brooklyn-NY-11234/30785728_zpid/,"2018 E 35th St, Brooklyn, NY 11234","$760,000"
40.792704,-73.798556,,https://www.zillow.com/homedetails/16221-Powells-Cove-Blvd-3S-Beechhurst-NY-11357/2097776565_zpid/,"16221 Powells Cove Blvd #3S, Beechhurst, NY 11357","$418,999"
40.602709,-74.008804,700,https://www.zillow.com/homedetails/268-Bay-17th-St-APT-A1-Brooklyn-NY-11214/2078194265_zpid/,"268 Bay 17th St APT A1, Brooklyn, NY 11214","$289,900"
40.715133,-73.79269,"4,000",https://www.zillow.com/homedetails/88-10-162-Jamaica-NY-11432/2076828363_zpid/,"88-10 162, Jamaica, NY 11432","$1,100,000"
40.606934,-74.067828,"2,158",https://www.zillow.com/homedetails/181-Fingerboard-Rd-Staten-Island-NY-10305/32321447_zpid/,"181 Fingerboard Rd, Staten Island, NY 10305","$695,000"
40.601421,-74.090269,"1,350",https://www.zillow.com/homedetails/22-Rome-Ave-Staten-Island-NY-10304/32324260_zpid/,"22 Rome Ave, Staten Island, NY 10304","$689,000"
40.722375,-73.840539,950,https://www.zillow.com/homedetails/110-20-71st-Ave-APT-310-Forest-Hills-NY-11375/90133920_zpid/,"110-20 71st Ave APT 310, Forest Hills, NY 11375","$499,000"
40.544565,-74.18586,,https://www.zillow.com/homedetails/70-73-Rensselaer-Ave-Staten-Island-NY-10312/2076799572_zpid/,"70-73 Rensselaer Ave, Staten Island, NY 10312","$729,000"
40.705916,-73.887064,"1,314",https://www.zillow.com/homedetails/6903-67th-Pl-Glendale-NY-11385/32013922_zpid/,"6903 67th Pl, Glendale, NY 11385","$605,000"
40.740344,-74.002605,750,https://www.zillow.com/homedetails/85-8th-Ave-APT-4F-New-York-NY-10011/321903079_zpid/,"85 8th Ave APT 4F, New York, NY 10011","$675,000"
40.537488,-74.159618,900,https://www.zillow.com/homedetails/219-Lyndale-Ave-Staten-Island-NY-10312/32349967_zpid/,"219 Lyndale Ave, Staten Island, NY 10312","$589,000"
40.610829,-73.933559,"1,550",https://www.zillow.com/homedetails/3502-Fillmore-Ave-Brooklyn-NY-11234/30785013_zpid/,"3502 Fillmore Ave, Brooklyn, NY 11234","$749,000"
40.614647,-73.95155,"1,600",https://www.zillow.com/homedetails/1464-E-23rd-St-Brooklyn-NY-11210/30755469_zpid/,"1464 E 23rd St, Brooklyn, NY 11210","$865,000"
40.651396,-73.948346,"2,122",https://www.zillow.com/homedetails/11-Fairview-Pl-Brooklyn-NY-11226/30658716_zpid/,"11 Fairview Pl, Brooklyn, NY 11226","$899,999"
40.627254,-74.082355,"1,744",https://www.zillow.com/homedetails/489-Van-Duzer-St-Staten-Island-NY-10304/32284907_zpid/,"489 Van Duzer St, Staten Island, NY 10304","$649,000"
40.609282,-74.071131,"3,028",https://www.zillow.com/homedetails/215-Saint-Johns-Ave-Staten-Island-NY-10305/32321086_zpid/,"215 Saint Johns Ave, Staten Island, NY 10305","$1,750,000"
40.73003,-73.804441,,https://www.zillow.com/homedetails/71-12-165th-St-Fresh-Meadows-NY-11365/2080380793_zpid/,"71-12 165th St, Fresh Meadows, NY 11365","$1,349,000"
40.509606,-74.252143,"3,300",https://www.zillow.com/homedetails/42-Hopping-Ave-Staten-Island-NY-10307/316675531_zpid/,"42 Hopping Ave, Staten Island, NY 10307","$999,999"
40.750878,-73.824237,"1,000",https://www.zillow.com/homedetails/4335-Union-St-APT-2L-Flushing-NY-11355/245388806_zpid/,"4335 Union St APT 2L, Flushing, NY 11355","$432,100"
40.601588,-73.982034,"1,690",https://www.zillow.com/homedetails/1863-W-10th-St-Brooklyn-NY-11223/30722721_zpid/,"1863 W 10th St, Brooklyn, NY 11223","$1,050,000"
40.731544,-73.886118,"1,152",https://www.zillow.com/homedetails/5296-79th-St-Flushing-NY-11373/31984876_zpid/,"5296 79th St, Flushing, NY 11373","$880,000"
40.759931,-73.98963,,https://www.zillow.com/homedetails/325-W-45th-St-APT-118-New-York-NY-10036/90135530_zpid/,"325 W 45th St APT 118, New York, NY 10036","$465,000"
40.591236,-74.074278,"2,524",https://www.zillow.com/homedetails/182-Olympia-Blvd-Staten-Island-NY-10305/32328244_zpid/,"182 Olympia Blvd, Staten Island, NY 10305","$836,000"
40.650573,-73.945372,"1,507",https://www.zillow.com/homedetails/259-E-34th-St-Brooklyn-NY-11203/30659516_zpid/,"259 E 34th St, Brooklyn, NY 11203","$725,000"
40.611538,-73.931219,"2,064",https://www.zillow.com/homedetails/1932-E-38th-St-Brooklyn-NY-11234/30785173_zpid/,"1932 E 38th St, Brooklyn, NY 11234","$775,000"
40.620107,-73.96951,"1,250",https://www.zillow.com/homedetails/1171-Ocean-Pkwy-APT-3J-Brooklyn-NY-11230/89219271_zpid/,"1171 Ocean Pkwy APT 3J, Brooklyn, NY 11230","$395,000"
40.638086,-73.949835,"3,200",https://www.zillow.com/homedetails/515-E-28th-St-Brooklyn-NY-11210/30669674_zpid/,"515 E 28th St, Brooklyn, NY 11210","$1,199,000"
40.880988,-73.907434,"2,500",https://www.zillow.com/homedetails/3121-Corlear-Ave-Bronx-NY-10463/29851525_zpid/,"3121 Corlear Ave, Bronx, NY 10463","$859,999"
40.648501,-73.944335,850,https://www.zillow.com/homedetails/285-E-35th-St-APT-4G-Brooklyn-NY-11203/216121218_zpid/,"285 E 35th St APT 4G, Brooklyn, NY 11203","$329,000"
40.610618,-74.065518,899,https://www.zillow.com/homedetails/50-Belair-Rd-APT-4D-Staten-Island-NY-10305/32319222_zpid/,"50 Belair Rd APT 4D, Staten Island, NY 10305","$370,000"
40.838459,-73.860848,"1,064",https://www.zillow.com/homedetails/99-Metropolitan-Oval-APT-10F-Bronx-NY-10462/29799568_zpid/,"99 Metropolitan Oval APT 10F, Bronx, NY 10462","$299,000"
40.664731,-73.750092,,https://www.zillow.com/homedetails/124-09-Montauk-Ave-Jamaica-NY-11413/2077423497_zpid/,"124-09 Montauk Ave, Jamaica, NY 11413","$499,999"
40.577662,-73.836848,"1,500",https://www.zillow.com/homedetails/136-Beach-117th-St-UPH11-Queens-NY-11694/2076903799_zpid/,"136 Beach 117th St #UPH11, Queens, NY 11694","$899,000"
40.821578,-73.809717,"1,224",https://www.zillow.com/homedetails/3117-Miles-Ave-Bronx-NY-10465/29846852_zpid/,"3117 Miles Ave, Bronx, NY 10465","$522,000"
40.585599,-73.814432,"1,550",https://www.zillow.com/homedetails/9114-Holland-Ave-Rockaway-Beach-NY-11693/32225619_zpid/,"9114 Holland Ave, Rockaway Beach, NY 11693","$824,000"
40.631213,-74.034453,"1,700",https://www.zillow.com/homedetails/88-77th-St-Brooklyn-NY-11209/30696243_zpid/,"88 77th St, Brooklyn, NY 11209","$1,275,000"
40.749587,-73.753468,900,https://www.zillow.com/homedetails/6127-224th-St-Bayside-NY-11364/2118347915_zpid/,"6127 224th St, Bayside, NY 11364","$399,000"
40.551657,-74.183506,"2,144",https://www.zillow.com/homedetails/60-Vineland-Ave-Staten-Island-NY-10312/32359581_zpid/,"60 Vineland Ave, Staten Island, NY 10312","$905,000"
40.730333,-73.871889,991,https://www.zillow.com/homedetails/6070-Woodhaven-Blvd-APT-6B-Flushing-NY-11373/89067590_zpid/,"6070 Woodhaven Blvd APT 6B, Flushing, NY 11373","$689,000"
40.565642,-74.124773,"2,012",https://www.zillow.com/homedetails/8-Clarence-Pl-Staten-Island-NY-10306/32337508_zpid/,"8 Clarence Pl, Staten Island, NY 10306","$749,999"
40.711112,-73.878767,"2,462",https://www.zillow.com/homedetails/6753-73rd-Pl-Flushing-NY-11379/32016450_zpid/,"6753 73rd Pl, Flushing, NY 11379","$1,119,000"
40.743316,-73.890957,"1,218",https://www.zillow.com/homedetails/7317-Woodside-Ave-Flushing-NY-11377/31958584_zpid/,"7317 Woodside Ave, Flushing, NY 11377","$2,200,000"
40.731303,-73.988419,685,https://www.zillow.com/homedetails/1-Irving-Pl-8-New-York-NY-10003/2076802697_zpid/,"1 Irving Pl #8, New York, NY 10003","$1,025,000"
40.612629,-73.929974,"1,100",https://www.zillow.com/homedetails/1924-Kimball-St-Brooklyn-NY-11234/30785297_zpid/,"1924 Kimball St, Brooklyn, NY 11234","$709,000"
40.750274,-73.981319,600,https://www.zillow.com/homedetails/244-Madison-Ave-APT-5C-New-York-NY-10016/113974556_zpid/,"244 Madison Ave APT 5C, New York, NY 10016","$549,980"
40.784632,-73.77514,930,https://www.zillow.com/homedetails/1805-215th-St-APT-6R-Bayside-NY-11360/245408555_zpid/,"1805 215th St APT 6R, Bayside, NY 11360","$399,999"
40.746074,-73.977519,"8,240",https://www.zillow.com/homedetails/232-E-35th-St-New-York-NY-10016/2090902352_zpid/,"232 E 35th St, New York, NY 10016","$11,918,643"
40.757101,-73.856782,850,https://www.zillow.com/homedetails/11225-34th-Ave-APT-6C-Corona-NY-11368/2139037765_zpid/,"11225 34th Ave APT 6C, Corona, NY 11368","$195,000"
40.839839,-73.861648,824,https://www.zillow.com/homedetails/1-Metropolitan-Oval-APT-7F-Bronx-NY-10462/29807509_zpid/,"1 Metropolitan Oval APT 7F, Bronx, NY 10462","$269,000"
40.625087,-74.125368,"1,440",https://www.zillow.com/homedetails/83-Egbert-Ave-Staten-Island-NY-10310/32280511_zpid/,"83 Egbert Ave, Staten Island, NY 10310","$650,000"
40.720094,-73.814233,"1,000",https://www.zillow.com/homedetails/149-05-79th-Ave-APT-221-Flushing-NY-11367/245528647_zpid/,"149-05 79th Ave APT 221, Flushing, NY 11367","$327,000"
40.721298,-73.845001,"1,500",https://www.zillow.com/homedetails/107-40-Queens-Blvd-7BC-Forest-Hills-NY-11375/2091745310_zpid/,"107-40 Queens Blvd #7BC, Forest Hills, NY 11375","$650,000"
40.70338,-73.902131,"2,189",https://www.zillow.com/homedetails/1914-Cornelia-St-Ridgewood-NY-11385/300307436_zpid/,"1914 Cornelia St, Ridgewood, NY 11385","$1,375,000"
40.730332,-73.756573,"3,500",https://www.zillow.com/homedetails/82-56-213th-St-Queens-Village-NY-11427/2077204990_zpid/,"82-56 213th St, Queens Village, NY 11427","$1,600,000"
40.767875,-73.957912,550,https://www.zillow.com/homedetails/311-E-71st-St-APT-10D-New-York-NY-10021/119974454_zpid/,"311 E 71st St APT 10D, New York, NY 10021","$429,000"
40.735368,-73.90162,"1,665",https://www.zillow.com/homedetails/5107-64th-St-Flushing-NY-11377/31981142_zpid/,"5107 64th St, Flushing, NY 11377","$945,000"
40.771143,-73.964105,500,https://www.zillow.com/homedetails/750-Park-Ave-8D-New-York-NY-10021/2103733489_zpid/,"750 Park Ave #8D, New York, NY 10021","$527,500"
40.846196,-73.867007,"2,384",https://www.zillow.com/homedetails/1836-Victor-St-Bronx-NY-10462/29813263_zpid/,"1836 Victor St, Bronx, NY 10462","$889,000"
40.701505,-73.902411,"5,070",https://www.zillow.com/homedetails/5805-69th-Ave-Flushing-NY-11385/32009027_zpid/,"5805 69th Ave, Flushing, NY 11385","$1,399,000"
40.747389,-73.756722,700,https://www.zillow.com/homedetails/224-42-Horace-Harding-Expwy-UNIT-626-Bayside-NY-11364/2077720297_zpid/,"224-42 Horace Harding Expwy UNIT 626, Bayside, NY 11364","$299,888"
40.661836,-73.979548,,https://www.zillow.com/homedetails/186-Prospect-Park-W-APT-D1-Brooklyn-NY-11215/2077367540_zpid/,"186 Prospect Park W APT D1, Brooklyn, NY 11215","$675,000"
40.758472,-73.881816,"1,557",https://www.zillow.com/homedetails/3139-86th-St-Flushing-NY-11369/31961499_zpid/,"3139 86th St, Flushing, NY 11369","$998,000"
40.73853,-73.980676,600,https://www.zillow.com/homedetails/240-E-24th-St-APT-4E-New-York-NY-10010/72518149_zpid/,"240 E 24th St APT 4E, New York, NY 10010","$490,000"
40.720769,-73.821052,,https://www.zillow.com/homedetails/7719-141st-St-APT-A-Flushing-NY-11367/2076798723_zpid/,"7719 141st St APT A, Flushing, NY 11367","$325,000"
40.606999,-73.817728,"1,200",https://www.zillow.com/homedetails/110-E-8th-Rd-Broad-Channel-NY-11693/32219387_zpid/,"110 E 8th Rd, Broad Channel, NY 11693","$619,000"
40.591459,-74.066125,,https://www.zillow.com/homedetails/17-Sunnymeade-Vlg-Staten-Island-NY-10305/2076847479_zpid/,"17 Sunnymeade Vlg, Staten Island, NY 10305","$160,000"
40.622751,-73.966097,835,https://www.zillow.com/homedetails/1171-Ocean-Pkwy-APT-3E-Brooklyn-NY-11230/2076800214_zpid/,"1171 Ocean Pkwy APT 3E, Brooklyn, NY 11230","$415,000"
40.750025,-73.895714,500,https://www.zillow.com/homedetails/3520-Leverich-St-APT-C343-Jackson-Heights-NY-11372/2097824297_zpid/,"3520 Leverich St APT C343, Jackson Heights, NY 11372","$379,000"
40.659336,-73.843743,,https://www.zillow.com/homedetails/159-29-92nd-St-Howard-Beach-NY-11414/2077754638_zpid/,"159-29 92nd St, Howard Beach, NY 11414","$929,000"
40.875849,-73.839501,"2,104",https://www.zillow.com/homedetails/3240-Bruner-Ave-Bronx-NY-10469/29830371_zpid/,"3240 Bruner Ave, Bronx, NY 10469","$625,000"
40.659336,-73.843743,"2,400",https://www.zillow.com/homedetails/160-10-84th-St-Howard-Beach-NY-11414/2076847256_zpid/,"160-10 84th St, Howard Beach, NY 11414","$829,000"
40.689344,-73.863545,"1,208",https://www.zillow.com/homedetails/8816-78th-St-Jamaica-NY-11421/32107510_zpid/,"8816 78th St, Jamaica, NY 11421","$588,000"
40.588648,-73.938398,950,https://www.zillow.com/homedetails/2435-Haring-St-APT-3D-Brooklyn-NY-11235/2097125617_zpid/,"2435 Haring St APT 3D, Brooklyn, NY 11235","$295,000"
40.736495,-73.868774,"1,200",https://www.zillow.com/homedetails/92-30-56th-Ave-APT-6A-Elmhurst-NY-11373/81772217_zpid/,"92-30 56th Ave APT 6A, Elmhurst, NY 11373","$600,000"
40.618764,-73.982377,"1,860",https://www.zillow.com/homedetails/2026-60th-St-Brooklyn-NY-11204/30680481_zpid/,"2026 60th St, Brooklyn, NY 11204","$1,380,000"
40.7629,-73.932796,,https://www.zillow.com/homedetails/3347-14th-St-APT-5D-Astoria-NY-11106/2077861105_zpid/,"3347 14th St APT 5D, Astoria, NY 11106","$600,000"
40.708254,-73.988863,"3,600",https://www.zillow.com/homedetails/66-44-Grand-Ave-Maspeth-NY-11378/2077501242_zpid/,"66-44 Grand Ave, Maspeth, NY 11378","$3,200,000"
40.601595,-73.954447,"2,100",https://www.zillow.com/homedetails/1713-Avenue-T-Brooklyn-NY-11229/30741905_zpid/,"1713 Avenue T, Brooklyn, NY 11229","$1,499,999"
40.882739,-73.862022,"2,196",https://www.zillow.com/homedetails/727-E-218th-St-Bronx-NY-10467/29826841_zpid/,"727 E 218th St, Bronx, NY 10467","$589,000"
40.603496,-73.951807,"2,113",https://www.zillow.com/homedetails/2381-Ocean-Ave-APT-8C-Brooklyn-NY-11229/83047851_zpid/,"2381 Ocean Ave APT 8C, Brooklyn, NY 11229","$1,130,000"
40.733853,-73.89184,"1,600",https://www.zillow.com/homedetails/5167-72nd-St-Flushing-NY-11377/31984408_zpid/,"5167 72nd St, Flushing, NY 11377","$895,000"
40.85555,-73.841474,"2,250",https://www.zillow.com/homedetails/1572-Rhinelander-Ave-Bronx-NY-10461/29816490_zpid/,"1572 Rhinelander Ave, Bronx, NY 10461","$760,000"
40.596929,-73.933123,"1,176",https://www.zillow.com/homedetails/2299-Knapp-St-Brooklyn-NY-11229/30792927_zpid/,"2299 Knapp St, Brooklyn, NY 11229","$699,999"
40.68324,-73.919806,"3,534",https://www.zillow.com/homedetails/579-Decatur-St-Brooklyn-NY-11233/30599553_zpid/,"579 Decatur St, Brooklyn, NY 11233","$2,699,000"
40.606752,-73.8185,850,https://www.zillow.com/homedetails/811-Church-Rd-Broad-Channel-NY-11693/32219355_zpid/,"811 Church Rd, Broad Channel, NY 11693","$390,000"
40.76304,-73.77672,800,https://www.zillow.com/homedetails/20910-41st-Ave-APT-1H-Flushing-NY-11361/79514067_zpid/,"20910 41st Ave APT 1H, Flushing, NY 11361","$284,000"
40.69875,-73.852627,584,https://www.zillow.com/homedetails/8385-Woodhaven-Blvd-APT-1B-Woodhaven-NY-11421/245415342_zpid/,"8385 Woodhaven Blvd APT 1B, Woodhaven, NY 11421","$210,000"
40.605596,-73.940228,"1,600",https://www.zillow.com/homedetails/2995-Avenue-S-Brooklyn-NY-11229/30729097_zpid/,"2995 Avenue S, Brooklyn, NY 11229","$859,000"
40.733005,-73.817238,750,https://www.zillow.com/homedetails/67-27-152nd-St-208B-Flushing-NY-11367/112083981_zpid/,"67-27 152nd St #208B, Flushing, NY 11367","$279,000"
40.817529,-73.814716,"2,214",https://www.zillow.com/homedetails/237-Hollywood-Ave-Bronx-NY-10465/29845583_zpid/,"237 Hollywood Ave, Bronx, NY 10465","$698,000"
40.619029,-74.029098,"3,000",https://www.zillow.com/homedetails/417-91st-St-Brooklyn-NY-11209/30700805_zpid/,"417 91st St, Brooklyn, NY 11209","$1,630,000"
40.665271,-73.910831,,https://www.zillow.com/homedetails/254-Chester-St-Brooklyn-NY-11212/2076988675_zpid/,"254 Chester St, Brooklyn, NY 11212","$570,000"
40.648164,-74.084981,"1,086",https://www.zillow.com/homedetails/350-Richmond-Ter-APT-3V-Staten-Island-NY-10301/244597424_zpid/,"350 Richmond Ter APT 3V, Staten Island, NY 10301","$300,000"
40.531424,-74.166226,"3,819",https://www.zillow.com/homedetails/151-Noel-St-Staten-Island-NY-10312/32366371_zpid/,"151 Noel St, Staten Island, NY 10312","$1,279,888"
40.770549,-73.954847,550,https://www.zillow.com/homedetails/370-E-76th-St-APT-B507-New-York-NY-10021/82817711_zpid/,"370 E 76th St APT B507, New York, NY 10021","$578,000"
40.613978,-73.936961,"1,200",https://www.zillow.com/homedetails/1713-E-35th-St-Brooklyn-NY-11234/30757607_zpid/,"1713 E 35th St, Brooklyn, NY 11234","$669,000"
40.62108,-73.940645,"3,940",https://www.zillow.com/homedetails/1351-E-35th-St-Brooklyn-NY-11210/30754510_zpid/,"1351 E 35th St, Brooklyn, NY 11210","$2,200,000"
40.689483,-73.870111,"2,116",https://www.zillow.com/homedetails/46-Nichols-Ave-Brooklyn-NY-11208/30641785_zpid/,"46 Nichols Ave, Brooklyn, NY 11208","$795,000"
40.716516,-73.985569,,https://www.zillow.com/homedetails/107-E-Broadway-3-New-York-NY-10002/2077339814_zpid/,"107 E Broadway #3, New York, NY 10002","$1,850,000"
40.620838,-74.138874,"3,870",https://www.zillow.com/homedetails/138-Woolley-Ave-Staten-Island-NY-10314/32282655_zpid/,"138 Woolley Ave, Staten Island, NY 10314","$895,000"
40.732686,-73.743865,900,https://www.zillow.com/homedetails/22122-Manor-Rd-1902-Jamaica-NY-11427/245399372_zpid/,"22122 Manor Rd #1902, Jamaica, NY 11427","$305,000"
40.627708,-74.12295,517,https://www.zillow.com/homedetails/999-Forest-Ave-APT-1K-Staten-Island-NY-10310/32276991_zpid/,"999 Forest Ave APT 1K, Staten Island, NY 10310","$305,000"
40.565121,-74.106336,"1,300",https://www.zillow.com/homedetails/105-Weed-Ave-Staten-Island-NY-10306/32334701_zpid/,"105 Weed Ave, Staten Island, NY 10306","$605,000"
40.72575,-73.889389,"2,632",https://www.zillow.com/homedetails/7127-58th-Rd-Flushing-NY-11378/31989987_zpid/,"7127 58th Rd, Flushing, NY 11378","$1,400,000"
40.644209,-74.082664,"2,350",https://www.zillow.com/homedetails/15-Crescent-Ave-Staten-Island-NY-10301/32270925_zpid/,"15 Crescent Ave, Staten Island, NY 10301","$826,000"
40.597175,-73.994737,"2,071",https://www.zillow.com/homedetails/8767-23rd-Ave-Brooklyn-NY-11214/30730127_zpid/,"8767 23rd Ave, Brooklyn, NY 11214","$1,365,000"
40.807448,-73.950118,"1,049",https://www.zillow.com/homedetails/203-W-122nd-St-APT-4-New-York-NY-10027/80012280_zpid/,"203 W 122nd St APT 4, New York, NY 10027","$1,188,888"
40.705632,-73.897595,"1,215",https://www.zillow.com/homedetails/6075-67th-Ave-Flushing-NY-11385/32010714_zpid/,"6075 67th Ave, Flushing, NY 11385","$1,048,000"
40.586038,-73.941755,"1,932",https://www.zillow.com/homedetails/2741-E-27th-St-Brooklyn-NY-11235/30791913_zpid/,"2741 E 27th St, Brooklyn, NY 11235","$979,000"
40.598759,-73.740606,"1,831",https://www.zillow.com/homedetails/604-Jarvis-Ave-Far-Rockaway-NY-11691/32220646_zpid/,"604 Jarvis Ave, Far Rockaway, NY 11691","$810,000"
40.727185,-73.958219,"4,315",https://www.zillow.com/homedetails/73-Calyer-St-Brooklyn-NY-11222/30620308_zpid/,"73 Calyer St, Brooklyn, NY 11222","$2,500,000"
40.709783,-73.856143,"1,100",https://www.zillow.com/homedetails/8705-69th-Ave-Flushing-NY-11375/32019929_zpid/,"8705 69th Ave, Flushing, NY 11375","$1,150,000"
40.628701,-73.959933,"1,300",https://www.zillow.com/homedetails/920-E-17th-St-APT-616-Brooklyn-NY-11230/245048201_zpid/,"920 E 17th St APT 616, Brooklyn, NY 11230","$675,000"
40.720994,-73.789167,"3,500",https://www.zillow.com/homedetails/17807-Edgerton-Rd-Jamaica-NY-11432/145601135_zpid/,"17807 Edgerton Rd, Jamaica, NY 11432","$1,999,000"
40.7415,-73.88387,450,https://www.zillow.com/homedetails/8111-45th-Ave-APT-8V-Flushing-NY-11373/114443750_zpid/,"8111 45th Ave APT 8V, Flushing, NY 11373","$250,000"
40.677393,-73.864101,"2,691",https://www.zillow.com/homedetails/230-Forbell-St-Brooklyn-NY-11208/30645166_zpid/,"230 Forbell St, Brooklyn, NY 11208","$789,000"
40.611406,-74.161127,"1,760",https://www.zillow.com/homedetails/50-Leggett-Pl-Staten-Island-NY-10314/32304269_zpid/,"50 Leggett Pl, Staten Island, NY 10314","$999,999"
40.752049,-73.973268,300,https://www.zillow.com/homedetails/25-Tudor-City-Pl-APT-323-New-York-NY-10017/244758566_zpid/,"25 Tudor City Pl APT 323, New York, NY 10017","$339,000"
40.667255,-73.887986,"1,134",https://www.zillow.com/homedetails/562-Hendrix-St-Brooklyn-NY-11207/2077200964_zpid/,"562 Hendrix St, Brooklyn, NY 11207","$625,000"
40.707985,-73.836499,"1,100",https://www.zillow.com/homedetails/115-25-Metropolitan-Ave-212-Richmond-Hill-NY-11418/2077024645_zpid/,"115-25 Metropolitan Ave #212, Richmond Hill, NY 11418","$359,000"
40.651105,-73.975045,"2,400",https://www.zillow.com/homedetails/74-E-7th-St-Brooklyn-NY-11218/30671561_zpid/,"74 E 7th St, Brooklyn, NY 11218","$2,200,000"
40.703579,-73.86986,"1,680",https://www.zillow.com/homedetails/7847-79th-Pl-Glendale-NY-11385/32018359_zpid/,"7847 79th Pl, Glendale, NY 11385","$819,900"
40.728816,-73.788709,"2,100",https://www.zillow.com/homedetails/7588-198th-St-Fresh-Meadows-NY-11366/2077075741_zpid/,"7588 198th St, Fresh Meadows, NY 11366","$1,280,000"
40.687845,-73.994814,500,https://www.zillow.com/homedetails/220-Congress-St-APT-3B-Brooklyn-NY-11201/2078628085_zpid/,"220 Congress St APT 3B, Brooklyn, NY 11201","$434,900"
40.785457,-73.781867,,https://www.zillow.com/homedetails/1460-Bell-Blvd-FLOOR-1-Bayside-NY-11360/2077568627_zpid/,"1460 Bell Blvd FLOOR 1, Bayside, NY 11360","$640,000"
40.774828,-73.770431,"3,700",https://www.zillow.com/homedetails/29-59-215th-Pl-Bayside-NY-11360/2077219711_zpid/,"29-59 215th Pl, Bayside, NY 11360","$1,950,000"
40.778441,-73.949399,"1,338",https://www.zillow.com/homedetails/360-E-88th-St-APT-16D-New-York-NY-10128/31544432_zpid/,"360 E 88th St APT 16D, New York, NY 10128","$1,995,000"
40.674478,-73.89236,"2,500",https://www.zillow.com/homedetails/197-Bradford-St-Brooklyn-NY-11207/30634218_zpid/,"197 Bradford St, Brooklyn, NY 11207","$850,000"
40.749895,-73.758824,"1,597",https://www.zillow.com/homedetails/5816-220th-St-Bayside-Hills-NY-11364/32085586_zpid/,"5816 220th St, Bayside Hills, NY 11364","$1,090,000"
40.67235,-73.887689,"4,200",https://www.zillow.com/homedetails/422-Barbey-St-Brooklyn-NY-11207/83049672_zpid/,"422 Barbey St, Brooklyn, NY 11207","$899,999"
40.601269,-73.974112,"1,300",https://www.zillow.com/homedetails/123-Van-Sicklen-St-Brooklyn-NY-11223/30734818_zpid/,"123 Van Sicklen St, Brooklyn, NY 11223","$1,079,000"
40.811961,-73.94328,900,https://www.zillow.com/homedetails/123-W-131st-St-APT-3-New-York-NY-10027/118327404_zpid/,"123 W 131st St APT 3, New York, NY 10027","$949,000"
40.750246,-73.970749,300,https://www.zillow.com/homedetails/321-E-43rd-St-APT-203-New-York-NY-10017/112746334_zpid/,"321 E 43rd St APT 203, New York, NY 10017","$325,000"
40.871182,-73.846624,"3,476",https://www.zillow.com/homedetails/3127-Seymour-Ave-Bronx-NY-10469/29830431_zpid/,"3127 Seymour Ave, Bronx, NY 10469","$799,000"
40.726484,-73.801595,"1,224",https://www.zillow.com/homedetails/7535-167th-St-Flushing-NY-11366/32075997_zpid/,"7535 167th St, Flushing, NY 11366","$939,000"
40.599456,-73.748944,"1,968",https://www.zillow.com/homedetails/3-Williams-Ct-Far-Rockaway-NY-11691/32221054_zpid/,"3 Williams Ct, Far Rockaway, NY 11691","$689,000"
40.749472,-73.971733,350,https://www.zillow.com/homedetails/320-E-42nd-St-APT-205-New-York-NY-10017/72525158_zpid/,"320 E 42nd St APT 205, New York, NY 10017","$319,000"
40.823109,-73.899212,"3,072",https://www.zillow.com/homedetails/868-E-164th-St-Bronx-NY-10459/29780082_zpid/,"868 E 164th St, Bronx, NY 10459","$799,000"
40.5825,-73.821296,"1,700",https://www.zillow.com/homedetails/101-06-Shore-Front-Pkwy-24A-Rockaway-Park-NY-11694/2077392664_zpid/,"101-06 Shore Front Pkwy #24A, Rockaway Park, NY 11694","$599,999"
40.773245,-73.948436,400,https://www.zillow.com/homedetails/505-E-82nd-St-APT-6H-New-York-NY-10028/244798193_zpid/,"505 E 82nd St APT 6H, New York, NY 10028","$489,000"
40.671145,-73.844073,"1,960",https://www.zillow.com/homedetails/9003-Albert-Rd-Jamaica-NY-11417/32167829_zpid/,"9003 Albert Rd, Jamaica, NY 11417","$735,000"
40.754134,-73.96811,600,https://www.zillow.com/homedetails/310-E-49th-St-APT-10-B-New-York-NY-10017/72539530_zpid/,"310 E 49th St APT 10-B, New York, NY 10017","$385,000"
40.694172,-73.966352,"2,800",https://www.zillow.com/homedetails/124-Hall-St-Brooklyn-NY-11205/30611807_zpid/,"124 Hall St, Brooklyn, NY 11205","$2,100,000"
40.596626,-73.932583,"1,200",https://www.zillow.com/homedetails/3138-Avenue-W-Brooklyn-NY-11229/30793168_zpid/,"3138 Avenue W, Brooklyn, NY 11229","$759,000"
40.535759,-74.206771,"1,456",https://www.zillow.com/homedetails/632-Ramona-Ave-Staten-Island-NY-10309/32370265_zpid/,"632 Ramona Ave, Staten Island, NY 10309","$599,000"
40.75402,-73.938308,"1,460",https://www.zillow.com/homedetails/3943-24th-St-Long-Island-City-NY-11101/31936623_zpid/,"3943 24th St, Long Island City, NY 11101","$1,415,000"
40.702203,-73.986931,800,https://www.zillow.com/homedetails/100-Jay-St-APT-27E-Brooklyn-NY-11201/83045282_zpid/,"100 Jay St APT 27E, Brooklyn, NY 11201","$1,199,999"
40.54537,-74.143405,"3,244",https://www.zillow.com/homedetails/3863-Hylan-Blvd-Staten-Island-NY-10308/32346461_zpid/,"3863 Hylan Blvd, Staten Island, NY 10308","$949,999"
40.629471,-73.937412,"2,200",https://www.zillow.com/homedetails/1055-E-40th-St-Brooklyn-NY-11210/30759611_zpid/,"1055 E 40th St, Brooklyn, NY 11210","$849,000"
40.678103,-73.963016,915,https://www.zillow.com/homedetails/764-Bergen-St-APT-3A-Brooklyn-NY-11238/245046941_zpid/,"764 Bergen St APT 3A, Brooklyn, NY 11238","$919,000"
40.614348,-74.030096,650,https://www.zillow.com/homedetails/9524-Fort-Hamilton-Pkwy-APT-403-Brooklyn-NY-11209/245522577_zpid/,"9524 Fort Hamilton Pkwy APT 403, Brooklyn, NY 11209","$234,000"
40.613039,-74.098485,860,https://www.zillow.com/homedetails/830-Howard-Ave-Staten-Island-NY-10301/32286845_zpid/,"830 Howard Ave, Staten Island, NY 10301","$339,000"
40.726644,-73.80254,"2,500",https://www.zillow.com/homedetails/75-23-166th-St-Fresh-Meadows-NY-11366/2083952482_zpid/,"75-23 166th St., Fresh Meadows, NY 11366","$1,719,000"
40.870168,-73.844672,"2,328",https://www.zillow.com/homedetails/2711-Morgan-Ave-Bronx-NY-10469/142671085_zpid/,"2711 Morgan Ave, Bronx, NY 10469","$639,000"
40.727605,-73.789841,"1,600",https://www.zillow.com/homedetails/7554-179th-St-Flushing-NY-11366/32079391_zpid/,"7554 179th St, Flushing, NY 11366","$1,449,000"
40.733898,-74.008102,858,https://www.zillow.com/homedetails/140-Charles-St-APT-18C-New-York-NY-10014/2082604484_zpid/,"140 Charles St APT 18C, New York, NY 10014","$1,699,000"
40.712631,-73.805836,"2,100",https://www.zillow.com/homedetails/8458-159th-St-Jamaica-NY-11432/2077487437_zpid/,"8458 159th St, Jamaica, NY 11432","$980,000"
40.766232,-73.985362,525,https://www.zillow.com/homedetails/357-W-55th-St-APT-4E-New-York-NY-10019/244799715_zpid/,"357 W 55th St APT 4E, New York, NY 10019","$515,000"
40.661668,-73.989811,"2,200",https://www.zillow.com/homedetails/304-18th-St-Brooklyn-NY-11215/30580376_zpid/,"304 18th St, Brooklyn, NY 11215","$1,900,000"
40.739909,-73.991936,"5,500",https://www.zillow.com/homedetails/6-W-20th-St-FL-5-New-York-NY-10011/2090867634_zpid/,"6 W 20th St FL 5, New York, NY 10011","$5,400,000"
40.69382,-73.970258,"2,240",https://www.zillow.com/homedetails/128-Vanderbilt-Ave-Brooklyn-NY-11205/30615086_zpid/,"128 Vanderbilt Ave, Brooklyn, NY 11205","$2,500,000"
40.707698,-74.009803,"1,387",https://www.zillow.com/homedetails/20-Pine-St-APT-618-New-York-NY-10005/2099867934_zpid/,"20 Pine St APT 618, New York, NY 10005","$1,550,000"
40.5579,-74.196162,"1,940",https://www.zillow.com/homedetails/61-Arden-Ave-Staten-Island-NY-10312/58458941_zpid/,"61 Arden Ave, Staten Island, NY 10312","$709,000"
40.714644,-73.91204,"1,824",https://www.zillow.com/homedetails/6028-54th-Pl-Flushing-NY-11378/31985677_zpid/,"6028 54th Pl, Flushing, NY 11378","$989,000"
40.694135,-73.749053,"2,000",https://www.zillow.com/homedetails/11802-203rd-St-Jamaica-NY-11412/32194078_zpid/,"11802 203rd St, Jamaica, NY 11412","$1,220,000"
40.841376,-73.819533,"1,800",https://www.zillow.com/homedetails/1413-Reed-Pl-A-Bronx-NY-10465/2078583753_zpid/,"1413 Reed Pl #A, Bronx, NY 10465","$615,000"
40.789907,-73.813518,"1,020",https://www.zillow.com/homedetails/920-166th-St-APT-9A-Flushing-NY-11357/245362008_zpid/,"920 166th St APT 9A, Flushing, NY 11357","$428,500"
40.699744,-73.852667,"170,772",https://www.zillow.com/homedetails/8375-Woodhaven-Blvd-APT-6C-Woodhaven-NY-11421/245488005_zpid/,"8375 Woodhaven Blvd APT 6C, Woodhaven, NY 11421","$349,000"
40.761764,-73.794637,"2,580",https://www.zillow.com/homedetails/29-38-172nd-St-2B-Flushing-NY-11358/2096482166_zpid/,"29-38 172nd St #2B, Flushing, NY 11358","$1,160,000"
40.768208,-73.959663,"51,270",https://www.zillow.com/homedetails/230-E-71st-St-APT-4E-New-York-NY-10021/244820081_zpid/,"230 E 71st St APT 4E, New York, NY 10021","$575,000"
40.601883,-73.757179,"2,340",https://www.zillow.com/homedetails/2251-Cornaga-Ave-Queens-NY-11691/32222818_zpid/,"2251 Cornaga Ave, Queens, NY 11691","$975,000"
40.61477,-73.971317,"6,128",https://www.zillow.com/homedetails/1470-E-4th-St-Brooklyn-NY-11230/30717957_zpid/,"1470 E 4th St, Brooklyn, NY 11230","$3,100,000"
40.606165,-73.952309,"1,813",https://www.zillow.com/homedetails/2271-Ocean-Ave-2-Brooklyn-NY-11229/216131380_zpid/,"2271 Ocean Ave #2, Brooklyn, NY 11229","$1,235,000"
40.884057,-73.863543,"2,585",https://www.zillow.com/homedetails/679-E-219th-St-Bronx-NY-10467/29826458_zpid/,"679 E 219th St, Bronx, NY 10467","$950,000"
40.599689,-73.935161,"1,107",https://www.zillow.com/homedetails/2170-Brigham-St-APT-5D-Brooklyn-NY-11229/114438879_zpid/,"2170 Brigham St APT 5D, Brooklyn, NY 11229","$319,000"
40.571675,-74.122393,"2,000",https://www.zillow.com/homedetails/18-Dale-Ave-Staten-Island-NY-10306/32338125_zpid/,"18 Dale Ave, Staten Island, NY 10306","$879,900"
40.604299,-73.960482,550,https://www.zillow.com/homedetails/1856-E-12th-St-Brooklyn-NY-11229/2076934264_zpid/,"1856 E 12th St, Brooklyn, NY 11229","$223,000"
40.679847,-73.996317,"5,340",https://www.zillow.com/homedetails/114-1st-Pl-Brooklyn-NY-11231/30572868_zpid/,"114 1st Pl, Brooklyn, NY 11231","$4,495,000"
40.660118,-73.990065,"1,136",https://www.zillow.com/homedetails/318-20th-St-2A-Brooklyn-NY-11215/216139613_zpid/,"318 20th St #2A, Brooklyn, NY 11215","$1,150,000"
40.65188,-73.964138,758,https://www.zillow.com/homedetails/34-Crooke-Ave-2B-Brooklyn-NY-11226/2138441908_zpid/,"34 Crooke Ave #2B, Brooklyn, NY 11226","$595,000"
40.64183,-74.094467,"1,920",https://www.zillow.com/homedetails/72-Cassidy-Pl-Staten-Island-NY-10301/32271903_zpid/,"72 Cassidy Pl, Staten Island, NY 10301","$475,000"
40.842778,-73.857358,630,https://www.zillow.com/homedetails/1564-Unionport-Rd-Bronx-NY-10462/29807592_zpid/,"1564 Unionport Rd, Bronx, NY 10462","$185,000"
40.730916,-73.846674,"1,800",https://www.zillow.com/homedetails/10841-66th-Ave-Forest-Hills-NY-11375/2095466848_zpid/,"10841 66th Ave, Forest Hills, NY 11375","$1,350,000"
40.716962,-73.814237,"1,200",https://www.zillow.com/homedetails/14461-Village-Rd-APT-28D-Jamaica-NY-11435/79743836_zpid/,"14461 Village Rd APT 28D, Jamaica, NY 11435","$295,000"
40.7293,-73.786045,"1,400",https://www.zillow.com/homedetails/7531-183rd-St-Flushing-NY-11366/32079614_zpid/,"7531 183rd St, Flushing, NY 11366","$948,000"
40.884903,-73.849535,"2,288",https://www.zillow.com/homedetails/1056-E-226th-St-Bronx-NY-10466/29833456_zpid/,"1056 E 226th St, Bronx, NY 10466","$865,000"
40.7372,-73.8577,"1,000",https://www.zillow.com/homedetails/9945-60th-Ave-APT-1B-Corona-NY-11368/2106042464_zpid/,"9945 60th Ave APT 1B, Corona, NY 11368","$249,000"
40.750878,-73.824237,"146,735",https://www.zillow.com/homedetails/4335-Union-St-Flushing-NY-11355/32042030_zpid/,"4335 Union St, Flushing, NY 11355","$380,000"
40.66683,-73.850142,900,https://www.zillow.com/homedetails/15135-84th-St-APT-6F-Jamaica-NY-11414/32168874_zpid/,"15135 84th St APT 6F, Jamaica, NY 11414","$347,500"
40.575068,-73.967202,800,https://www.zillow.com/homedetails/50-Brighton-1st-Rd-Brooklyn-NY-11235/245048157_zpid/,"50 Brighton 1st Rd, Brooklyn, NY 11235","$399,000"
40.787252,-73.834124,"2,054",https://www.zillow.com/homedetails/1305-133rd-Pl-Flushing-NY-11356/32022300_zpid/,"1305 133rd Pl, Flushing, NY 11356","$998,000"
40.850712,-73.829536,"1,900",https://www.zillow.com/homedetails/3108-Sands-Pl-Bronx-NY-10461/29816769_zpid/,"3108 Sands Pl, Bronx, NY 10461","$720,000"
40.548138,-74.173487,"2,200",https://www.zillow.com/homedetails/176-Memphis-Ave-Staten-Island-NY-10312/32356955_zpid/,"176 Memphis Ave, Staten Island, NY 10312","$799,999"
40.624316,-73.909281,"1,560",https://www.zillow.com/homedetails/8-Cove-Ln-2C-Brooklyn-NY-11234/30780953_zpid/,"8 Cove Ln #2C, Brooklyn, NY 11234","$679,000"
40.725838,-73.872799,"1,000",https://www.zillow.com/homedetails/61-88-Dry-Harbor-Rd-5B-Middle-Village-NY-11379/325589706_zpid/,"61-88 Dry Harbor Rd #5B, Middle Village, NY 11379","$450,000"
40.900074,-73.907776,"1,100",https://www.zillow.com/homedetails/4525-Henry-Hudson-Pkwy-808-Bronx-NY-10471/2076999413_zpid/,"4525 Henry Hudson Pkwy #808, Bronx, NY 10471","$359,900"
40.740066,-73.809956,"1,428",https://www.zillow.com/homedetails/5917-Parsons-Blvd-Flushing-NY-11365/32071072_zpid/,"5917 Parsons Blvd, Flushing, NY 11365","$1,100,000"
40.623777,-73.943106,"2,000",https://www.zillow.com/homedetails/1997-New-York-Ave-Brooklyn-NY-11210/30753504_zpid/,"1997 New York Ave, Brooklyn, NY 11210","$819,000"
40.640522,-73.914699,"1,800",https://www.zillow.com/homedetails/589-E-83rd-St-Brooklyn-NY-11236/30766906_zpid/,"589 E 83rd St, Brooklyn, NY 11236","$759,000"
40.848538,-73.891737,"1,374",https://www.zillow.com/homedetails/2068-Arthur-Ave-Bronx-NY-10457/29784623_zpid/,"2068 Arthur Ave, Bronx, NY 10457","$699,000"
40.762954,-73.966248,550,https://www.zillow.com/homedetails/166-E-61st-St-APT-7D-New-York-NY-10065/2077760906_zpid/,"166 E 61st St APT 7D, New York, NY 10065","$395,000"
40.617844,-73.97142,800,https://www.zillow.com/homedetails/1345-E-4th-St-APT-1B-Brooklyn-NY-11230/2078863018_zpid/,"1345 E 4th St APT 1B, Brooklyn, NY 11230","$259,800"
40.779515,-73.953751,"2,610",https://www.zillow.com/homedetails/170-E-87th-St-APT-E8A-New-York-NY-10128/143158817_zpid/,"170 E 87th St APT E8A, New York, NY 10128","$4,895,000"
40.579186,-74.002821,"1,520",https://www.zillow.com/homedetails/3605-Canal-Ave-Brooklyn-NY-11224/30732406_zpid/,"3605 Canal Ave, Brooklyn, NY 11224","$539,000"
40.687725,-73.908208,"13,172",https://www.zillow.com/homedetails/1148-Decatur-St-Brooklyn-NY-11207/30630691_zpid/,"1148 Decatur St, Brooklyn, NY 11207","$375,000"
40.786436,-73.797138,"2,451",https://www.zillow.com/homedetails/16515-Cross-Island-Pkwy-Flushing-NY-11357/32029181_zpid/,"16515 Cross Island Pkwy, Flushing, NY 11357","$1,300,000"
40.592035,-74.161962,"1,774",https://www.zillow.com/homedetails/205-Steinway-Ave-Staten-Island-NY-10314/32311683_zpid/,"205 Steinway Ave, Staten Island, NY 10314","$800,000"
40.680735,-73.937963,"3,600",https://www.zillow.com/homedetails/134-Decatur-St-Brooklyn-NY-11216/30611258_zpid/,"134 Decatur St, Brooklyn, NY 11216","$1,800,000"
40.558073,-74.153044,"1,480",https://www.zillow.com/homedetails/269-Giffords-Ln-Staten-Island-NY-10308/64548453_zpid/,"269 Giffords Ln, Staten Island, NY 10308","$749,000"
40.651882,-73.964137,758,https://www.zillow.com/homedetails/34-Crooke-Ave-APT-2B-Brooklyn-NY-11226/89066608_zpid/,"34 Crooke Ave APT 2B, Brooklyn, NY 11226","$595,000"
40.763721,-73.907241,,https://www.zillow.com/homedetails/25-63-47th-St-Astoria-NY-11103/2077313520_zpid/,"25-63 47th St, Astoria, NY 11103","$1,600,000"
40.663112,-73.951861,"2,754",https://www.zillow.com/homedetails/401-Fenimore-St-Brooklyn-NY-11225/300078014_zpid/,"401 Fenimore St, Brooklyn, NY 11225","$1,329,000"
40.669249,-73.836237,"1,248",https://www.zillow.com/homedetails/14954-Huron-St-Jamaica-NY-11417/32170656_zpid/,"14954 Huron St, Jamaica, NY 11417","$715,000"
40.761539,-73.999137,670,https://www.zillow.com/homedetails/635-W-42nd-St-APT-3E-New-York-NY-10036/80006012_zpid/,"635 W 42nd St APT 3E, New York, NY 10036","$869,000"
40.752468,-73.971158,720,https://www.zillow.com/homedetails/240-E-46th-St-APT-1D-New-York-NY-10017/145586722_zpid/,"240 E 46th St APT 1D, New York, NY 10017","$725,000"
40.612587,-73.930407,"2,180",https://www.zillow.com/homedetails/1913-Ryder-St-Brooklyn-NY-11234/30785286_zpid/,"1913 Ryder St, Brooklyn, NY 11234","$1,299,000"
40.787379,-73.83891,"3,300",https://www.zillow.com/homedetails/1115-129th-St-Flushing-NY-11356/32022267_zpid/,"1115 129th St, Flushing, NY 11356","$1,346,000"
40.718706,-73.879347,"1,188",https://www.zillow.com/homedetails/6333-76th-St-Flushing-NY-11379/31995730_zpid/,"6333 76th St, Flushing, NY 11379","$789,000"
40.674743,-73.998498,"3,500",https://www.zillow.com/homedetails/196-W-9th-St-Brooklyn-NY-11231/30573186_zpid/,"196 W 9th St, Brooklyn, NY 11231","$2,495,000"
40.671153,-73.946981,"2,414",https://www.zillow.com/homedetails/952-Saint-Johns-Pl-Brooklyn-NY-11213/30592854_zpid/,"952 Saint Johns Pl, Brooklyn, NY 11213","$2,857,000"
40.880083,-73.84481,"2,500",https://www.zillow.com/homedetails/1277-E-222nd-St-Bronx-NY-10469/29834165_zpid/,"1277 E 222nd St, Bronx, NY 10469","$779,000"
40.591634,-74.066379,,https://www.zillow.com/homedetails/18-Sunnymeade-Vlg-Staten-Island-NY-10305/2076851417_zpid/,"18 Sunnymeade Vlg, Staten Island, NY 10305","$180,000"
40.723325,-73.84497,750,https://www.zillow.com/homedetails/6960-108th-St-Forest-Hills-NY-11375/31979108_zpid/,"6960 108th St, Forest Hills, NY 11375","$350,000"
40.580117,-73.949969,"2,578",https://www.zillow.com/homedetails/80-Dover-St-Brooklyn-NY-11235/30790516_zpid/,"80 Dover St, Brooklyn, NY 11235","$1,650,000"
40.606794,-73.913191,"2,120",https://www.zillow.com/homedetails/2734-E-64th-St-Brooklyn-NY-11234/30787523_zpid/,"2734 E 64th St, Brooklyn, NY 11234","$899,000"
40.723092,-73.754232,"1,298",https://www.zillow.com/homedetails/8818-Hollis-Court-Blvd-Jamaica-NY-11427/32148146_zpid/,"8818 Hollis Court Blvd, Jamaica, NY 11427","$749,999"
40.765901,-73.828895,,https://www.zillow.com/homedetails/3445-Leavitt-St-6D-Flushing-NY-11354/2079111267_zpid/,"3445 Leavitt St #6D, Flushing, NY 11354","$508,000"
40.869793,-73.858202,870,https://www.zillow.com/homedetails/1007-Adee-Ave-Bronx-NY-10469/29824889_zpid/,"1007 Adee Ave, Bronx, NY 10469","$599,000"
40.583467,-73.939058,"1,975",https://www.zillow.com/homedetails/2932-Emmons-Ave-Brooklyn-NY-11235/2093084040_zpid/,"2932 Emmons Ave, Brooklyn, NY 11235","$1,375,000"
40.5921,-74.076857,"2,150",https://www.zillow.com/homedetails/264-Mallory-Ave-Staten-Island-NY-10305/32325272_zpid/,"264 Mallory Ave, Staten Island, NY 10305","$755,000"
40.732052,-74.009216,885,https://www.zillow.com/homedetails/130-Barrow-St-APT-304-New-York-NY-10014/31499771_zpid/,"130 Barrow St APT 304, New York, NY 10014","$1,549,000"
40.577799,-74.135073,,https://www.zillow.com/homedetails/228-Edinboro-Rd-Staten-Island-NY-10306/2077340493_zpid/,"228 Edinboro Rd, Staten Island, NY 10306","$850,000"
40.823481,-73.899441,"3,000",https://www.zillow.com/homedetails/859-E-164th-St-Bronx-NY-10459/29780081_zpid/,"859 E 164th St, Bronx, NY 10459","$798,000"
40.670647,-73.793609,,https://www.zillow.com/homedetails/14534-130th-Ave-Jamaica-NY-11436/2077410983_zpid/,"14534 130th Ave, Jamaica, NY 11436","$545,000"
40.863972,-73.923012,700,https://www.zillow.com/homedetails/571-Academy-St-APT-4E-New-York-NY-10034/31554232_zpid/,"571 Academy St APT 4E, New York, NY 10034","$429,000"
40.587008,-73.943897,"1,487",https://www.zillow.com/homedetails/4701-Bedford-Ave-Brooklyn-NY-11235/30749983_zpid/,"4701 Bedford Ave, Brooklyn, NY 11235","$925,000"
40.884809,-73.859708,"3,465",https://www.zillow.com/homedetails/760-E-222nd-St-Bronx-NY-10467/29826976_zpid/,"760 E 222nd St, Bronx, NY 10467","$865,000"
40.762528,-73.930524,700,https://www.zillow.com/homedetails/21-80-33rd-Rd-APT-6C-Astoria-NY-11106/72648217_zpid/,"21-80 33rd Rd APT 6C, Astoria, NY 11106","$390,000"
40.696572,-73.993149,"1,600",https://www.zillow.com/homedetails/135-Henry-St-APT-5-Brooklyn-NY-11201/114314111_zpid/,"135 Henry St APT 5, Brooklyn, NY 11201","$2,800,000"
40.6044,-73.988291,"2,904",https://www.zillow.com/homedetails/2271-80th-St-Brooklyn-NY-11214/30708738_zpid/,"2271 80th St, Brooklyn, NY 11214","$1,649,000"
40.72854,-73.86075,"1,100",https://www.zillow.com/homedetails/6441-Saunders-St-APT-615-Flushing-NY-11374/245364715_zpid/,"6441 Saunders St APT 615, Flushing, NY 11374","$488,000"
40.539996,-74.172103,"1,804",https://www.zillow.com/homedetails/55-Seguine-Pl-Staten-Island-NY-10312/32364131_zpid/,"55 Seguine Pl, Staten Island, NY 10312","$625,000"
40.739175,-73.705702,"1,648",https://www.zillow.com/homedetails/8321-263rd-St-Queens-NY-11004/32104008_zpid/,"8321 263rd St, Queens, NY 11004","$899,000"
40.767004,-73.934054,468,https://www.zillow.com/homedetails/12-15-Broadway-503-Astoria-NY-11106/2076955532_zpid/,"12-15 Broadway #503, Astoria, NY 11106","$421,000"
40.75257,-73.726597,"2,385",https://www.zillow.com/homedetails/6626-Marathon-Pkwy-Little-Neck-NY-11362/143539047_zpid/,"6626 Marathon Pkwy, Little Neck, NY 11362","$999,990"
40.588404,-73.958195,,https://www.zillow.com/homedetails/2555-E-12th-St-L-Brooklyn-NY-11235/2077325656_zpid/,"2555 E 12th St #L, Brooklyn, NY 11235","$285,000"
40.706174,-73.815323,,https://www.zillow.com/homedetails/87-17-139th-St-1-Queens-NY-11435/2077363942_zpid/,"87-17 139th St #1, Queens, NY 11435","$620,000"
40.538912,-74.147537,"2,259",https://www.zillow.com/homedetails/15-Glover-St-A-Staten-Island-NY-10308/62723930_zpid/,"15 Glover St #A, Staten Island, NY 10308","$775,000"
40.678868,-73.822196,"1,874",https://www.zillow.com/homedetails/11143-117th-St-Jamaica-NY-11420/32172139_zpid/,"11143 117th St, Jamaica, NY 11420","$999,999"
40.56222,-74.105612,"2,148",https://www.zillow.com/homedetails/177-Finley-Ave-Staten-Island-NY-10306/32334931_zpid/,"177 Finley Ave, Staten Island, NY 10306","$740,000"
40.838743,-73.854838,900,https://www.zillow.com/homedetails/1595-Odell-St-APT-2H-Bronx-NY-10462/29806137_zpid/,"1595 Odell St APT 2H, Bronx, NY 10462","$259,500"
40.698154,-73.994277,526,https://www.zillow.com/homedetails/111-Hicks-St-15C-Brooklyn-NY-11201/82582896_zpid/,"111 Hicks St #15C, Brooklyn, NY 11201","$530,000"
40.824172,-73.90111,"4,493",https://www.zillow.com/homedetails/810-E-165th-St-Bronx-NY-10459/112502393_zpid/,"810 E 165th St, Bronx, NY 10459","$1,950,000"
40.686631,-73.833968,,https://www.zillow.com/homedetails/101-34-109th-St-Richmond-Hill-NY-11419/2077658741_zpid/,"101-34 109th St, Richmond Hill, NY 11419","$650,000"
40.687257,-73.979395,"1,166",https://www.zillow.com/homedetails/96-Rockwell-Pl-APT-7C-Brooklyn-NY-11217/115876662_zpid/,"96 Rockwell Pl APT 7C, Brooklyn, NY 11217","$1,499,995"
40.576692,-73.957128,"1,247",https://www.zillow.com/homedetails/65-Oceana-Dr-UNIT-1A-Brooklyn-NY-11235/2078832425_zpid/,"65 Oceana Dr UNIT 1A, Brooklyn, NY 11235","$699,000"
40.585062,-73.93861,528,https://www.zillow.com/homedetails/19-Lake-Ave-Brooklyn-NY-11235/30792254_zpid/,"19 Lake Ave, Brooklyn, NY 11235","$360,000"
40.880617,-73.852936,"3,100",https://www.zillow.com/homedetails/1039-E-219th-St-Bronx-NY-10469/29828426_zpid/,"1039 E 219th St, Bronx, NY 10469","$579,000"
40.740132,-73.809948,"1,428",https://www.zillow.com/homedetails/59-17-Parsons-Blvd-Fresh-Meadows-NY-11365/2077660660_zpid/,"59-17 Parsons Blvd, Fresh Meadows, NY 11365","$1,100,000"
40.733693,-73.858866,800,https://www.zillow.com/homedetails/61-45-98th-St-4F-Rego-Park-NY-11374/2077145486_zpid/,"61-45 98th St #4F, Rego Park, NY 11374","$309,000"
40.754192,-73.964671,"2,000",https://www.zillow.com/homedetails/425-E-51st-St-APT-6A-New-York-NY-10022/244729739_zpid/,"425 E 51st St APT 6A, New York, NY 10022","$3,000,000"
40.733898,-74.008102,"2,651",https://www.zillow.com/homedetails/140-Charles-St-PENTHOUSE-C-New-York-NY-10014/2078137614_zpid/,"140 Charles St PENTHOUSE C, New York, NY 10014","$5,950,000"
40.716617,-73.802979,"1,550",https://www.zillow.com/homedetails/16401-Grand-Central-Pkwy-Jamaica-Estates-NY-11432/32077257_zpid/,"16401 Grand Central Pkwy, Jamaica Estates, NY 11432","$859,000"
40.584944,-73.938215,610,https://www.zillow.com/homedetails/12-Lake-Ave-Brooklyn-NY-11235/30792237_zpid/,"12 Lake Ave, Brooklyn, NY 11235","$235,000"
40.708213,-73.836694,"1,300",https://www.zillow.com/homedetails/115-25-Metropolitan-Ave-APT-132-Richmond-Hill-NY-11418/219859833_zpid/,"115-25 Metropolitan Ave APT 132, Richmond Hill, NY 11418","$575,000"
40.623202,-73.953258,"1,752",https://www.zillow.com/homedetails/1120-E-23rd-St-Brooklyn-NY-11210/30753019_zpid/,"1120 E 23rd St, Brooklyn, NY 11210","$1,575,000"
40.616575,-73.923224,932,https://www.zillow.com/homedetails/5312-Avenue-O-3-Brooklyn-NY-11234/121710562_zpid/,"5312 Avenue O #3, Brooklyn, NY 11234","$470,000"
40.776599,-73.947898,720,https://www.zillow.com/homedetails/435-E-86th-St-APT-4E-New-York-NY-10028/2077085995_zpid/,"435 E 86th St APT 4E, New York, NY 10028","$675,000"
40.683245,-73.955918,"5,995",https://www.zillow.com/homedetails/455-Franklin-Ave-Brooklyn-NY-11238/2102420924_zpid/,"455 Franklin Ave, Brooklyn, NY 11238","$3,999,995"
40.890657,-73.908873,,https://www.zillow.com/homedetails/4499-Henry-Hudson-Pkwy-APT-4G-Bronx-NY-10471/119915372_zpid/,"4499 Henry Hudson Pkwy APT 4G, Bronx, NY 10471","$699,000"
40.586584,-73.95672,"1,000",https://www.zillow.com/homedetails/2645-Homecrest-Ave-APT-1G-Brooklyn-NY-11235/79723052_zpid/,"2645 Homecrest Ave APT 1G, Brooklyn, NY 11235","$419,000"
40.563987,-74.178705,"2,016",https://www.zillow.com/homedetails/1126-Arthur-Kill-Rd-Staten-Island-NY-10312/32359089_zpid/,"1126 Arthur Kill Rd, Staten Island, NY 10312","$629,000"
40.720667,-73.762893,"2,772",https://www.zillow.com/homedetails/19865-Foothill-Ave-Hollis-NY-11423/2123615680_zpid/,"19865 Foothill Ave, Hollis, NY 11423","$850,000"
40.854137,-73.89614,"2,000",https://www.zillow.com/homedetails/4459-Park-Ave-Bronx-NY-10457/29784118_zpid/,"4459 Park Ave, Bronx, NY 10457","$699,000"
40.6599,-73.894107,"2,928",https://www.zillow.com/homedetails/682-Georgia-Ave-Brooklyn-NY-11207/30646552_zpid/,"682 Georgia Ave, Brooklyn, NY 11207","$849,999"
40.622304,-73.935079,"1,800",https://www.zillow.com/homedetails/30-Lott-Pl-Brooklyn-NY-11234/2077168888_zpid/,"30 Lott Pl, Brooklyn, NY 11234","$739,999"
40.61091,-73.966231,"2,684",https://www.zillow.com/homedetails/1637-E-7th-St-Brooklyn-NY-11230/30720092_zpid/,"1637 E 7th St, Brooklyn, NY 11230","$2,199,999"
40.706678,-73.759517,"2,585",https://www.zillow.com/homedetails/19805-Hollis-Ave-Jamaica-NY-11412/32155090_zpid/,"19805 Hollis Ave, Jamaica, NY 11412","$749,000"
40.749666,-73.890364,880,https://www.zillow.com/homedetails/3536-76th-St-APT-405-Flushing-NY-11372/245463743_zpid/,"3536 76th St APT 405, Flushing, NY 11372","$479,000"
40.663164,-73.854356,,https://www.zillow.com/homedetails/155-7-79th-St-Howard-Beach-NY-11414/2077064327_zpid/,"155-7 79th St, Howard Beach, NY 11414","$310,000"
40.623547,-73.942685,"1,352",https://www.zillow.com/homedetails/1310-E-34th-St-Brooklyn-NY-11210/30753535_zpid/,"1310 E 34th St, Brooklyn, NY 11210","$869,000"
40.776197,-73.847756,"1,268",https://www.zillow.com/homedetails/2523-120th-St-Flushing-NY-11354/32025133_zpid/,"2523 120th St, Flushing, NY 11354","$745,000"
40.84031,-73.855569,613,https://www.zillow.com/homedetails/1650-Metropolitan-Ave-APT-4H-Bronx-NY-10462/29806532_zpid/,"1650 Metropolitan Ave APT 4H, Bronx, NY 10462","$190,000"
40.606467,-73.942307,"1,890",https://www.zillow.com/homedetails/1840-Haring-St-Brooklyn-NY-11229/30728969_zpid/,"1840 Haring St, Brooklyn, NY 11229","$890,000"
40.709552,-74.017101,821,https://www.zillow.com/homedetails/377-Rector-Pl-APT-20B-New-York-NY-10280/31490789_zpid/,"377 Rector Pl APT 20B, New York, NY 10280","$1,388,000"
40.595805,-73.931443,980,https://www.zillow.com/homedetails/2328-Plumb-2nd-St-Brooklyn-NY-11229/30793202_zpid/,"2328 Plumb 2nd St, Brooklyn, NY 11229","$559,000"
40.676426,-73.873007,"2,570",https://www.zillow.com/homedetails/196-Eldert-Ln-FLOOR-2-Brooklyn-NY-11208/2077476854_zpid/,"196 Eldert Ln FLOOR 2, Brooklyn, NY 11208","$899,000"
40.537701,-74.146705,"1,069",https://www.zillow.com/homedetails/72-Glover-St-Staten-Island-NY-10308/32349118_zpid/,"72 Glover St, Staten Island, NY 10308","$488,808"
40.682632,-73.795577,"1,224",https://www.zillow.com/homedetails/11537-146th-St-Jamaica-NY-11436/32181507_zpid/,"11537 146th St, Jamaica, NY 11436","$510,000"
40.65779,-73.90392,,https://www.zillow.com/homedetails/928-Mother-Gaston-Blvd-Brooklyn-NY-11212/2085888517_zpid/,"928 Mother Gaston Blvd, Brooklyn, NY 11212","$579,999"
40.594824,-73.763399,"1,317",https://www.zillow.com/homedetails/3016-Seagirt-Ave-Queens-NY-11691/89067797_zpid/,"3016 Seagirt Ave, Queens, NY 11691","$369,000"
40.646158,-74.013305,"19,200",https://www.zillow.com/homedetails/5018-4th-Ave-1-Brooklyn-NY-11220/2076849311_zpid/,"5018 4th Ave #1, Brooklyn, NY 11220","$7,900,000"
40.680032,-73.871434,"3,600",https://www.zillow.com/homedetails/360-Crescent-St-Brooklyn-NY-11208/30643836_zpid/,"360 Crescent St, Brooklyn, NY 11208","$552,000"
40.572855,-74.08903,640,https://www.zillow.com/homedetails/109-Mapleton-Ave-A-Staten-Island-NY-10306/32333741_zpid/,"109 Mapleton Ave #A, Staten Island, NY 10306","$210,000"
40.707698,-74.009803,"1,585",https://www.zillow.com/homedetails/20-Pine-St-APT-1413-New-York-NY-10005/2096154786_zpid/,"20 Pine St APT 1413, New York, NY 10005","$1,699,000"
40.727517,-73.943158,"2,500",https://www.zillow.com/homedetails/245-Monitor-St-Brooklyn-NY-11222/30621352_zpid/,"245 Monitor St, Brooklyn, NY 11222","$2,430,998"
40.832169,-73.896242,"2,925",https://www.zillow.com/homedetails/789-Jennings-St-Bronx-NY-10459/83179161_zpid/,"789 Jennings St, Bronx, NY 10459","$950,000"
40.757971,-73.856783,900,https://www.zillow.com/homedetails/112-24-Northern-Blvd-2C-Corona-NY-11368/245374597_zpid/,"112-24 Northern Blvd #2C, Corona, NY 11368","$220,000"
40.648054,-74.000542,570,https://www.zillow.com/homedetails/4002-7th-Ave-APT-37-Brooklyn-NY-11232/245022326_zpid/,"4002 7th Ave APT 37, Brooklyn, NY 11232","$450,000"
40.617019,-73.995386,"1,769",https://www.zillow.com/homedetails/1715-71st-St-Brooklyn-NY-11204/30703402_zpid/,"1715 71st St, Brooklyn, NY 11204","$1,399,000"
40.720841,-73.996434,"1,505",https://www.zillow.com/homedetails/182-Mulberry-St-APT-4-New-York-NY-10012/145586233_zpid/,"182 Mulberry St APT 4, New York, NY 10012","$2,369,000"
40.739227,-73.756127,720,https://www.zillow.com/homedetails/217-03-75th-Ave-356A2-Oakland-Gardens-NY-11364/72651239_zpid/,"217-03 75th Ave #356A2, Oakland Gardens, NY 11364","$320,000"
40.583575,-73.935338,800,https://www.zillow.com/homedetails/29-Bogardus-St-Brooklyn-NY-11235/30792705_zpid/,"29 Bogardus St, Brooklyn, NY 11235","$409,000"
40.763635,-73.882859,"2,087",https://www.zillow.com/homedetails/2459-86th-St-Flushing-NY-11369/31952748_zpid/,"2459 86th St, Flushing, NY 11369","$1,050,000"
40.759784,-73.926915,"2,800",https://www.zillow.com/homedetails/3101-34th-Ave-Long-Island-City-NY-11106/31939190_zpid/,"3101 34th Ave, Long Island City, NY 11106","$2,199,000"
40.689568,-73.802999,"1,297",https://www.zillow.com/homedetails/10812-Inwood-St-Jamaica-NY-11435/32179499_zpid/,"10812 Inwood St, Jamaica, NY 11435","$610,000"
40.596774,-73.995154,"1,950",https://www.zillow.com/homedetails/2306-Bath-Ave-Brooklyn-NY-11214/30730769_zpid/,"2306 Bath Ave, Brooklyn, NY 11214","$1,234,000"
40.663342,-73.915233,"5,250",https://www.zillow.com/homedetails/125-Dumont-Ave-Brooklyn-NY-11212/30632434_zpid/,"125 Dumont Ave, Brooklyn, NY 11212","$2,249,000"
40.611856,-74.064063,830,https://www.zillow.com/homedetails/6-New-Ln-Staten-Island-NY-10305/62723512_zpid/,"6 New Ln, Staten Island, NY 10305","$340,000"
40.7222,-73.8392,900,https://www.zillow.com/homedetails/110-20-71st-Avenue-502-Forest-Hills-NY-11375/2101590261_zpid/,"110-20 71st Avenue #502, Forest Hills, NY 11375","$398,000"
40.72859,-73.874608,"3,210",https://www.zillow.com/homedetails/8440-60th-Rd-Flushing-NY-11379/31992633_zpid/,"8440 60th Rd, Flushing, NY 11379","$1,900,000"
40.727719,-73.95017,"3,126",https://www.zillow.com/homedetails/152-Meserole-Ave-Brooklyn-NY-11222/30620730_zpid/,"152 Meserole Ave, Brooklyn, NY 11222","$2,150,000"
40.687504,-73.861368,"1,980",https://www.zillow.com/homedetails/9016-80th-St-Jamaica-NY-11421/32109346_zpid/,"9016 80th St, Jamaica, NY 11421","$835,000"
40.89203,-73.90871,"1,500",https://www.zillow.com/homedetails/4555-Henry-Hudson-Pkwy-APT-1109-Bronx-NY-10471/2084371512_zpid/,"4555 Henry Hudson Pkwy APT 1109, Bronx, NY 10471","$559,000"
40.652781,-73.828549,"1,100",https://www.zillow.com/homedetails/10221-163rd-Dr-Howard-Beach-NY-11414/32218381_zpid/,"10221 163rd Dr, Howard Beach, NY 11414","$499,999"
40.707539,-73.919137,"1,224",https://www.zillow.com/homedetails/1416-Willoughby-Ave-Brooklyn-NY-11237/30625380_zpid/,"1416 Willoughby Ave, Brooklyn, NY 11237","$1,200,000"
40.880164,-73.860756,"2,799",https://www.zillow.com/homedetails/810-E-216th-St-Bronx-NY-10467/29827134_zpid/,"810 E 216th St, Bronx, NY 10467","$745,000"
40.585405,-73.936711,608,https://www.zillow.com/homedetails/23-Stanton-Rd-Brooklyn-NY-11235/30792446_zpid/,"23 Stanton Rd, Brooklyn, NY 11235","$205,000"
40.595186,-73.79574,"1,137",https://www.zillow.com/homedetails/6608-Thursby-Ave-Far-Rockaway-NY-11692/32224618_zpid/,"6608 Thursby Ave, Far Rockaway, NY 11692","$499,999"
40.584393,-73.937741,596,https://www.zillow.com/homedetails/2-Lake-Ave-Brooklyn-NY-11235/30792292_zpid/,"2 Lake Ave, Brooklyn, NY 11235","$250,000"
40.689242,-73.853623,"1,138",https://www.zillow.com/homedetails/8940-90th-St-Jamaica-NY-11421/32109975_zpid/,"8940 90th St, Jamaica, NY 11421","$655,000"
40.780081,-73.991407,,https://www.zillow.com/homedetails/100-Riverside-Blvd-PENTHOUSE-A-New-York-NY-10069/2076858878_zpid/,"100 Riverside Blvd PENTHOUSE A, New York, NY 10069","$5,800,000"
40.762591,-73.798498,"1,080",https://www.zillow.com/homedetails/167-10-Crocheron-Ave-APT-1G-Flushing-NY-11358/94722062_zpid/,"167-10 Crocheron Ave APT 1G, Flushing, NY 11358","$365,000"
40.882684,-73.855568,"1,768",https://www.zillow.com/homedetails/924-E-221st-St-Bronx-NY-10469/29827881_zpid/,"924 E 221st St, Bronx, NY 10469","$709,000"
40.623428,-73.975056,"2,208",https://www.zillow.com/homedetails/118-Avenue-J-Brooklyn-NY-11230/30716330_zpid/,"118 Avenue J, Brooklyn, NY 11230","$1,295,000"
40.674333,-73.79569,,https://www.zillow.com/homedetails/14542-130th-Ave-Jamaica-NY-11436/2077412530_zpid/,"14542 130th Ave, Jamaica, NY 11436","$545,000"
40.751589,-73.75106,,https://www.zillow.com/homedetails/5775-Cloverdale-Blvd-Bayside-NY-11364/2126973965_zpid/,"5775 Cloverdale Blvd, Bayside, NY 11364","$1,600,000"
40.584889,-73.936413,640,https://www.zillow.com/homedetails/25-Stanton-Rd-Brooklyn-NY-11235/30792460_zpid/,"25 Stanton Rd, Brooklyn, NY 11235","$370,000"
40.751028,-73.889762,450,https://www.zillow.com/homedetails/76-12-35th-Ave-APT-2N-Jackson-Heights-NY-11372/114442902_zpid/,"76-12 35th Ave APT 2N, Jackson Heights, NY 11372","$249,900"
40.612273,-74.104573,"6,600",https://www.zillow.com/homedetails/71-Grand-Ave-APT-1-Staten-Island-NY-10301/2082815862_zpid/,"71 Grand Ave APT 1, Staten Island, NY 10301","$1,170,000"
40.756411,-73.82271,710,https://www.zillow.com/homedetails/14220-Franklin-Ave-APT-2C-Flushing-NY-11355/323054998_zpid/,"14220 Franklin Ave APT 2C, Flushing, NY 11355","$575,000"
40.586667,-73.986127,"1,780",https://www.zillow.com/homedetails/104-Bay-50th-St-Brooklyn-NY-11214/30731667_zpid/,"104 Bay 50th St, Brooklyn, NY 11214","$1,299,000"
40.721977,-73.743647,"1,600",https://www.zillow.com/homedetails/8928-Moline-St-Queens-Village-NY-11428/2076850143_zpid/,"8928 Moline St, Queens Village, NY 11428","$623,000"
40.609038,-74.009247,"3,134",https://www.zillow.com/homedetails/69-Bay-11th-St-Brooklyn-NY-11228/30711852_zpid/,"69 Bay 11th St, Brooklyn, NY 11228","$2,600,000"
40.693672,-73.96727,"3,000",https://www.zillow.com/homedetails/166-Washington-Ave-Brooklyn-NY-11205/30611762_zpid/,"166 Washington Ave, Brooklyn, NY 11205","$2,390,000"
40.638693,-73.895768,"1,700",https://www.zillow.com/homedetails/9617-Avenue-L-Brooklyn-NY-11236/30776231_zpid/,"9617 Avenue L, Brooklyn, NY 11236","$769,000"
40.586237,-73.951248,"5,400",https://www.zillow.com/homedetails/1721-Voorhies-Ave-Brooklyn-NY-11235/2085734183_zpid/,"1721 Voorhies Ave, Brooklyn, NY 11235","$2,675,000"
40.658489,-74.00275,"3,014",https://www.zillow.com/homedetails/124-30th-St-Brooklyn-NY-11232/30574264_zpid/,"124 30th St, Brooklyn, NY 11232","$1,600,000"
40.729162,-73.852808,550,https://www.zillow.com/homedetails/99-63-66th-Ave-10B-Rego-Park-NY-11374/2077195937_zpid/,"99-63 66th Ave #10B, Rego Park, NY 11374","$239,000"
40.634456,-74.120925,660,https://www.zillow.com/homedetails/1155-Castleton-Ave-Staten-Island-NY-10310/32275967_zpid/,"1155 Castleton Ave, Staten Island, NY 10310","$109,000"
40.692997,-73.857481,,https://www.zillow.com/homedetails/78-30-88th-Ave-Woodhaven-NY-11421/2077609660_zpid/,"78-30 88th Ave, Woodhaven, NY 11421","$630,000"
40.877595,-73.858149,"1,706",https://www.zillow.com/homedetails/927-E-213th-St-Bronx-NY-10469/29827532_zpid/,"927 E 213th St, Bronx, NY 10469","$799,000"
40.748169,-73.97088,600,https://www.zillow.com/homedetails/5-Tudor-City-Pl-APT-638-New-York-NY-10017/219676541_zpid/,"5 Tudor City Pl APT 638, New York, NY 10017","$605,000"
40.55138,-74.146853,"2,600",https://www.zillow.com/homedetails/3861-Amboy-Rd-Staten-Island-NY-10308/32342585_zpid/,"3861 Amboy Rd, Staten Island, NY 10308","$1,100,000"
40.78187,-73.94633,650,https://www.zillow.com/homedetails/345-E-93rd-St-APT-22E-New-York-NY-10128/244856953_zpid/,"345 E 93rd St APT 22E, New York, NY 10128","$841,000"
40.588649,-73.926209,"1,248",https://www.zillow.com/homedetails/112-Just-Ct-Brooklyn-NY-11229/30793645_zpid/,"112 Just Ct, Brooklyn, NY 11229","$630,000"
40.660764,-73.896826,,https://www.zillow.com/homedetails/314-Newport-St-Brooklyn-NY-11212/2080301619_zpid/,"314 Newport St, Brooklyn, NY 11212","$579,999"
40.867237,-73.865633,"1,644",https://www.zillow.com/homedetails/2749-Holland-Ave-Bronx-NY-10467/29822766_zpid/,"2749 Holland Ave, Bronx, NY 10467","$575,000"
40.71404,-73.78279,764,https://www.zillow.com/homedetails/18016-Wexford-Ter-Jamaica-NY-11432/2107881085_zpid/,"18016 Wexford Ter, Jamaica, NY 11432","$550,000"
40.737402,-73.99318,750,https://www.zillow.com/homedetails/16-W-16th-St-APT-7AS-New-York-NY-10011/97883030_zpid/,"16 W 16th St APT 7AS, New York, NY 10011","$975,000"
40.722305,-73.798636,"6,000",https://www.zillow.com/homedetails/8033-169th-St-Jamaica-NY-11432/32076909_zpid/,"8033 169th St, Jamaica, NY 11432","$925,000"
40.776299,-73.984855,"471,630",https://www.zillow.com/homedetails/160-W-End-Ave-APT-23U-New-York-NY-10023/244736498_zpid/,"160 W End Ave APT 23U, New York, NY 10023","$750,000"
40.558188,-74.152235,"1,680",https://www.zillow.com/homedetails/174-Kennington-St-Staten-Island-NY-10308/32342189_zpid/,"174 Kennington St, Staten Island, NY 10308","$650,999"
40.8251,-73.81916,"3,500",https://www.zillow.com/homedetails/2959-Schley-Ave-1-Bronx-NY-10465/2093112455_zpid/,"2959 Schley Ave #1, Bronx, NY 10465","$750,000"
40.625685,-73.951835,"2,100",https://www.zillow.com/homedetails/3146-Bedford-Ave-Brooklyn-NY-11210/30752247_zpid/,"3146 Bedford Ave, Brooklyn, NY 11210","$1,395,000"
40.7326,-73.86122,650,https://www.zillow.com/homedetails/97-40-62nd-Drive-Rego-Park-NY-11374/2099450872_zpid/,"97-40 62nd Drive, Rego Park, NY 11374","$210,000"
40.779734,-73.954411,"2,610",https://www.zillow.com/homedetails/170-E-87th-St-APT-E8B-New-York-NY-10128/31541825_zpid/,"170 E 87th St APT E8B, New York, NY 10128","$4,895,000"
40.608638,-73.939796,"2,550",https://www.zillow.com/homedetails/1837-Burnett-St-Brooklyn-NY-11229/30783489_zpid/,"1837 Burnett St, Brooklyn, NY 11229","$1,200,000"
